CM,tau
0.03,0.03
0.0301,0.0301
0.0302,0.0302
0.0303,0.0303
0.0304,0.0304
0.0305,0.0305
0.0306,0.0306
0.0307,0.0307
0.0308,0.0308
0.0309,0.0309
0.031,0.031
0.0311,0.0311
0.0312,0.0312
0.0313,0.0313
0.0314,0.0314
0.0315,0.0315
0.0316,0.0316
0.0317,0.0317
0.0318,0.0318
0.0319,0.0319
0.032,0.032
0.0321,0.0321
0.0322,0.0322
0.0323,0.0323
0.0324,0.0324
0.0325,0.0325
0.0326,0.0326
0.0327,0.0327
0.0328,0.0328
0.0329,0.0329
0.033,0.033
0.0331,0.0331
0.0332,0.0332
0.0333,0.0333
0.0334,0.0334
0.0335,0.0335
0.0336,0.0336
0.0337,0.0337
0.0338,0.0338
0.0339,0.0339
0.034,0.034
0.0341,0.0341
0.0342,0.0342
0.0343,0.0343
0.0344,0.0344
0.0345,0.0345
0.0346,0.0346
0.0347,0.0347
0.0348,0.0348
0.0349,0.0349
0.035,0.035
0.0351,0.0351
0.0352,0.0352
0.0353,0.0353
0.0354,0.0354
0.0355,0.0355
0.0356,0.0356
0.0357,0.0357
0.0358,0.0358
0.0359,0.0359
0.036,0.036
0.0361,0.0361
0.0362,0.0362
0.0363,0.0363
0.0364,0.0364
0.0365,0.0365
0.0366,0.0366
0.0367,0.0367
0.0368,0.0368
0.0369,0.0369
0.037,0.037
0.0371,0.0371
0.0372,0.0372
0.0373,0.0373
0.0374,0.0374
0.0375,0.0375
0.0376,0.0376
0.0377,0.0377
0.0378,0.0378
0.0379,0.0379
0.038,0.038
0.0381,0.0381
0.0382,0.0382
0.0383,0.0383
0.0384,0.0384
0.0385,0.0385
0.0386,0.0386
0.0387,0.0387
0.0388,0.0388
0.0389,0.0389
0.039,0.039
0.0391,0.0391
0.0392,0.0392
0.0393,0.0393
0.0394,0.0394
0.0395,0.0395
0.0396,0.0396
0.0397,0.0397
0.0398,0.0398
0.0399,0.0399
0.04,0.04
0.0401,0.0401
0.0402,0.0402
0.0403,0.0403
0.0404,0.0404
0.0405,0.0405
0.0406,0.0406
0.0407,0.0407
0.0408,0.0408
0.0409,0.0409
0.041,0.041
0.0411,0.0411
0.0412,0.0412
0.0413,0.0413
0.0414,0.0414
0.0415,0.0415
0.0416,0.0416
0.0417,0.0417
0.0418,0.0418
0.0419,0.0419
0.042,0.042
0.0421,0.0421
0.0422,0.0422
0.0423,0.0423
0.0424,0.0424
0.0425,0.0425
0.0426,0.0426
0.0427,0.0427
0.0428,0.0428
0.0429,0.0429
0.043,0.043
0.0431,0.0431
0.0432,0.0432
0.0433,0.0433
0.0434,0.0434
0.0435,0.0435
0.0436,0.0436
0.0437,0.0437
0.0438,0.0438
0.0439,0.0439
0.044,0.044
0.0441,0.0441
0.0442,0.0442
0.0443,0.0443
0.0444,0.0444
0.0445,0.0445
0.0446,0.0446
0.0447,0.0447
0.0448,0.0448
0.0449,0.0449
0.045,0.045
0.0451,0.0451
0.0452,0.0452
0.0453,0.0453
0.0454,0.0454
0.0455,0.0455
0.0456,0.0456
0.0457,0.0457
0.0458,0.0458
0.0459,0.0459
0.046,0.046
0.0461,0.0461
0.0462,0.0462
0.0463,0.0463
0.0464,0.0464
0.0465,0.0465
0.0466,0.0466
0.0467,0.046700001
0.0468,0.046800001
0.0469,0.046900001
0.047,0.047000001
0.0471,0.047100001
0.0472,0.047200001
0.0473,0.047300001
0.0474,0.047400001
0.0475,0.047500001
0.0476,0.047600001
0.0477,0.047700001
0.0478,0.047800001
0.0479,0.047900001
0.048,0.048000001
0.0481,0.048100001
0.0482,0.048200001
0.0483,0.048300001
0.0484,0.048400001
0.0485,0.048500001
0.0486,0.048600001
0.0487,0.048700001
0.0488,0.048800001
0.0489,0.048900001
0.049,0.049000001
0.0491,0.049100001
0.0492,0.049200001
0.0493,0.049300002
0.0494,0.049400002
0.0495,0.049500002
0.0496,0.049600002
0.0497,0.049700002
0.0498,0.049800002
0.0499,0.049900002
0.05,0.050000002
0.0501,0.050100002
0.0502,0.050200002
0.0503,0.050300002
0.0504,0.050400002
0.0505,0.050500003
0.0506,0.050600003
0.0507,0.050700003
0.0508,0.050800003
0.0509,0.050900003
0.051,0.051000003
0.0511,0.051100003
0.0512,0.051200003
0.0513,0.051300003
0.0514,0.051400004
0.0515,0.051500004
0.0516,0.051600004
0.0517,0.051700004
0.0518,0.051800004
0.0519,0.051900004
0.052,0.052000004
0.0521,0.052100005
0.0522,0.052200005
0.0523,0.052300005
0.0524,0.052400005
0.0525,0.052500005
0.0526,0.052600006
0.0527,0.052700006
0.0528,0.052800006
0.0529,0.052900006
0.053,0.053000006
0.0531,0.053100007
0.0532,0.053200007
0.0533,0.053300007
0.0534,0.053400007
0.0535,0.053500008
0.0536,0.053600008
0.0537,0.053700008
0.0538,0.053800008
0.0539,0.053900009
0.054,0.054000009
0.0541,0.054100009
0.0542,0.05420001
0.0543,0.05430001
0.0544,0.05440001
0.0545,0.054500011
0.0546,0.054600011
0.0547,0.054700011
0.0548,0.054800012
0.0549,0.054900012
0.055,0.055000013
0.0551,0.055100013
0.0552,0.055200014
0.0553,0.055300014
0.0554,0.055400014
0.0555,0.055500015
0.0556,0.055600015
0.0557,0.055700016
0.0558,0.055800016
0.0559,0.055900017
0.056,0.056000018
0.0561,0.056100018
0.0562,0.056200019
0.0563,0.056300019
0.0564,0.05640002
0.0565,0.056500021
0.0566,0.056600021
0.0567,0.056700022
0.0568,0.056800023
0.0569,0.056900023
0.057,0.057000024
0.0571,0.057100025
0.0572,0.057200026
0.0573,0.057300026
0.0574,0.057400027
0.0575,0.057500028
0.0576,0.057600029
0.0577,0.05770003
0.0578,0.057800031
0.0579,0.057900032
0.058,0.058000033
0.0581,0.058100034
0.0582,0.058200035
0.0583,0.058300036
0.0584,0.058400037
0.0585,0.058500038
0.0586,0.058600039
0.0587,0.05870004
0.0588,0.058800041
0.0589,0.058900042
0.059,0.059000044
0.0591,0.059100045
0.0592,0.059200046
0.0593,0.059300047
0.0594,0.059400049
0.0595,0.05950005
0.0596,0.059600052
0.0597,0.059700053
0.0598,0.059800055
0.0599,0.059900056
0.06,0.060000058
0.0601,0.060100059
0.0602,0.060200061
0.0603,0.060300063
0.0604,0.060400065
0.0605,0.060500066
0.0606,0.060600068
0.0607,0.06070007
0.0608,0.060800072
0.0609,0.060900074
0.061,0.061000076
0.0611,0.061100078
0.0612,0.06120008
0.0613,0.061300082
0.0614,0.061400084
0.0615,0.061500087
0.0616,0.061600089
0.0617,0.061700091
0.0618,0.061800094
0.0619,0.061900096
0.062,0.062000099
0.0621,0.062100102
0.0622,0.062200104
0.0623,0.062300107
0.0624,0.06240011
0.0625,0.062500113
0.0626,0.062600115
0.0627,0.062700118
0.0628,0.062800121
0.0629,0.062900125
0.063,0.063000128
0.0631,0.063100131
0.0632,0.063200134
0.0633,0.063300138
0.0634,0.063400141
0.0635,0.063500145
0.0636,0.063600148
0.0637,0.063700152
0.0638,0.063800156
0.0639,0.06390016
0.064,0.064000164
0.0641,0.064100168
0.0642,0.064200172
0.0643,0.064300176
0.0644,0.06440018
0.0645,0.064500185
0.0646,0.064600189
0.0647,0.064700194
0.0648,0.064800199
0.0649,0.064900203
0.065,0.065000208
0.0651,0.065100213
0.0652,0.065200218
0.0653,0.065300223
0.0654,0.065400229
0.0655,0.065500234
0.0656,0.06560024
0.0657,0.065700245
0.0658,0.065800251
0.0659,0.065900257
0.066,0.066000263
0.0661,0.066100269
0.0662,0.066200275
0.0663,0.066300282
0.0664,0.066400288
0.0665,0.066500295
0.0666,0.066600301
0.0667,0.066700308
0.0668,0.066800315
0.0669,0.066900322
0.067,0.06700033
0.0671,0.067100337
0.0672,0.067200345
0.0673,0.067300352
0.0674,0.06740036
0.0675,0.067500368
0.0676,0.067600376
0.0677,0.067700385
0.0678,0.067800393
0.0679,0.067900402
0.068,0.068000411
0.0681,0.06810042
0.0682,0.068200429
0.0683,0.068300438
0.0684,0.068400447
0.0685,0.068500457
0.0686,0.068600467
0.0687,0.068700477
0.0688,0.068800487
0.0689,0.068900497
0.069,0.069000508
0.0691,0.069100519
0.0692,0.06920053
0.0693,0.069300541
0.0694,0.069400552
0.0695,0.069500564
0.0696,0.069600576
0.0697,0.069700588
0.0698,0.0698006
0.0699,0.069900612
0.07,0.070000625
0.0701,0.070100638
0.0702,0.070200651
0.0703,0.070300664
0.0704,0.070400678
0.0705,0.070500692
0.0706,0.070600706
0.0707,0.07070072
0.0708,0.070800734
0.0709,0.070900749
0.071,0.071000764
0.0711,0.07110078
0.0712,0.071200795
0.0713,0.071300811
0.0714,0.071400827
0.0715,0.071500843
0.0716,0.07160086
0.0717,0.071700877
0.0718,0.071800894
0.0719,0.071900912
0.072,0.072000929
0.0721,0.072100947
0.0722,0.072200966
0.0723,0.072300985
0.0724,0.072401004
0.0725,0.072501023
0.0726,0.072601042
0.0727,0.072701062
0.0728,0.072801083
0.0729,0.072901103
0.073,0.073001124
0.0731,0.073101145
0.0732,0.073201167
0.0733,0.073301189
0.0734,0.073401211
0.0735,0.073501234
0.0736,0.073601257
0.0737,0.07370128
0.0738,0.073801304
0.0739,0.073901328
0.074,0.074001353
0.0741,0.074101378
0.0742,0.074201403
0.0743,0.074301429
0.0744,0.074401455
0.0745,0.074501481
0.0746,0.074601508
0.0747,0.074701536
0.0748,0.074801563
0.0749,0.074901591
0.075,0.07500162
0.0751,0.075101649
0.0752,0.075201679
0.0753,0.075301708
0.0754,0.075401739
0.0755,0.07550177
0.0756,0.075601801
0.0757,0.075701833
0.0758,0.075801865
0.0759,0.075901898
0.076,0.076001931
0.0761,0.076101965
0.0762,0.076201999
0.0763,0.076302033
0.0764,0.076402069
0.0765,0.076502104
0.0766,0.076602141
0.0767,0.076702177
0.0768,0.076802215
0.0769,0.076902252
0.077,0.077002291
0.0771,0.07710233
0.0772,0.077202369
0.0773,0.077302409
0.0774,0.07740245
0.0775,0.077502491
0.0776,0.077602533
0.0777,0.077702575
0.0778,0.077802618
0.0779,0.077902662
0.078,0.078002706
0.0781,0.078102751
0.0782,0.078202796
0.0783,0.078302842
0.0784,0.078402889
0.0785,0.078502936
0.0786,0.078602984
0.0787,0.078703033
0.0788,0.078803082
0.0789,0.078903132
0.079,0.079003183
0.0791,0.079103234
0.0792,0.079203286
0.0793,0.079303339
0.0794,0.079403393
0.0795,0.079503447
0.0796,0.079603502
0.0797,0.079703557
0.0798,0.079803614
0.0799,0.079903671
0.08,0.080003729
0.0801,0.080103788
0.0802,0.080203847
0.0803,0.080303907
0.0804,0.080403968
0.0805,0.08050403
0.0806,0.080604093
0.0807,0.080704156
0.0808,0.08080422
0.0809,0.080904285
0.081,0.081004351
0.0811,0.081104418
0.0812,0.081204486
0.0813,0.081304554
0.0814,0.081404624
0.0815,0.081504694
0.0816,0.081604765
0.0817,0.081704837
0.0818,0.08180491
0.0819,0.081904984
0.082,0.082005059
0.0821,0.082105135
0.0822,0.082205211
0.0823,0.082305289
0.0824,0.082405368
0.0825,0.082505447
0.0826,0.082605528
0.0827,0.082705609
0.0828,0.082805692
0.0829,0.082905776
0.083,0.08300586
0.0831,0.083105946
0.0832,0.083206032
0.0833,0.08330612
0.0834,0.083406209
0.0835,0.083506299
0.0836,0.08360639
0.0837,0.083706482
0.0838,0.083806575
0.0839,0.083906669
0.084,0.084006765
0.0841,0.084106861
0.0842,0.084206959
0.0843,0.084307058
0.0844,0.084407158
0.0845,0.084507259
0.0846,0.084607361
0.0847,0.084707465
0.0848,0.084807569
0.0849,0.084907675
0.085,0.085007783
0.0851,0.085107891
0.0852,0.085208001
0.0853,0.085308112
0.0854,0.085408224
0.0855,0.085508337
0.0856,0.085608452
0.0857,0.085708568
0.0858,0.085808686
0.0859,0.085908805
0.086,0.086008925
0.0861,0.086109046
0.0862,0.086209169
0.0863,0.086309293
0.0864,0.086409419
0.0865,0.086509546
0.0866,0.086609674
0.0867,0.086709804
0.0868,0.086809935
0.0869,0.086910068
0.087,0.087010202
0.0871,0.087110338
0.0872,0.087210475
0.0873,0.087310614
0.0874,0.087410754
0.0875,0.087510896
0.0876,0.087611039
0.0877,0.087711184
0.0878,0.08781133
0.0879,0.087911478
0.088,0.088011628
0.0881,0.088111779
0.0882,0.088211932
0.0883,0.088312086
0.0884,0.088412242
0.0885,0.0885124
0.0886,0.088612559
0.0887,0.08871272
0.0888,0.088812883
0.0889,0.088913047
0.089,0.089013213
0.0891,0.089113381
0.0892,0.089213551
0.0893,0.089313722
0.0894,0.089413896
0.0895,0.089514071
0.0896,0.089614248
0.0897,0.089714426
0.0898,0.089814607
0.0899,0.089914789
0.09,0.090014973
0.0901,0.090115159
0.0902,0.090215347
0.0903,0.090315537
0.0904,0.090415729
0.0905,0.090515923
0.0906,0.090616118
0.0907,0.090716316
0.0908,0.090816516
0.0909,0.090916717
0.091,0.091016921
0.0911,0.091117127
0.0912,0.091217335
0.0913,0.091317544
0.0914,0.091417756
0.0915,0.09151797
0.0916,0.091618186
0.0917,0.091718404
0.0918,0.091818625
0.0919,0.091918847
0.092,0.092019072
0.0921,0.092119299
0.0922,0.092219528
0.0923,0.092319759
0.0924,0.092419993
0.0925,0.092520228
0.0926,0.092620466
0.0927,0.092720707
0.0928,0.092820949
0.0929,0.092921194
0.093,0.093021441
0.0931,0.093121691
0.0932,0.093221943
0.0933,0.093322197
0.0934,0.093422454
0.0935,0.093522713
0.0936,0.093622975
0.0937,0.093723239
0.0938,0.093823505
0.0939,0.093923774
0.094,0.094024046
0.0941,0.09412432
0.0942,0.094224596
0.0943,0.094324875
0.0944,0.094425157
0.0945,0.094525441
0.0946,0.094625728
0.0947,0.094726018
0.0948,0.09482631
0.0949,0.094926605
0.095,0.095026902
0.0951,0.095127202
0.0952,0.095227505
0.0953,0.095327811
0.0954,0.095428119
0.0955,0.09552843
0.0956,0.095628744
0.0957,0.095729061
0.0958,0.09582938
0.0959,0.095929703
0.096,0.096030028
0.0961,0.096130356
0.0962,0.096230687
0.0963,0.096331021
0.0964,0.096431358
0.0965,0.096531698
0.0966,0.096632041
0.0967,0.096732387
0.0968,0.096832735
0.0969,0.096933087
0.097,0.097033442
0.0971,0.0971338
0.0972,0.097234161
0.0973,0.097334526
0.0974,0.097434893
0.0975,0.097535263
0.0976,0.097635637
0.0977,0.097736014
0.0978,0.097836394
0.0979,0.097936777
0.098,0.098037164
0.0981,0.098137554
0.0982,0.098237947
0.0983,0.098338343
0.0984,0.098438743
0.0985,0.098539146
0.0986,0.098639553
0.0987,0.098739962
0.0988,0.098840376
0.0989,0.098940792
0.099,0.099041213
0.0991,0.099141636
0.0992,0.099242063
0.0993,0.099342494
0.0994,0.099442928
0.0995,0.099543366
0.0996,0.099643808
0.0997,0.099744253
0.0998,0.099844701
0.0999,0.099945154
0.1,0.100045609
0.1001,0.100146069
0.1002,0.100246532
0.1003,0.100347
0.1004,0.10044747
0.1005,0.100547945
0.1006,0.100648423
0.1007,0.100748906
0.1008,0.100849392
0.1009,0.100949882
0.101,0.101050376
0.1011,0.101150873
0.1012,0.101251375
0.1013,0.101351881
0.1014,0.10145239
0.1015,0.101552904
0.1016,0.101653422
0.1017,0.101753943
0.1018,0.101854469
0.1019,0.101954999
0.102,0.102055533
0.1021,0.102156071
0.1022,0.102256614
0.1023,0.10235716
0.1024,0.102457711
0.1025,0.102558266
0.1026,0.102658825
0.1027,0.102759388
0.1028,0.102859956
0.1029,0.102960528
0.103,0.103061105
0.1031,0.103161686
0.1032,0.103262271
0.1033,0.103362861
0.1034,0.103463455
0.1035,0.103564053
0.1036,0.103664656
0.1037,0.103765264
0.1038,0.103865876
0.1039,0.103966493
0.104,0.104067114
0.1041,0.10416774
0.1042,0.104268371
0.1043,0.104369006
0.1044,0.104469646
0.1045,0.10457029
0.1046,0.10467094
0.1047,0.104771594
0.1048,0.104872253
0.1049,0.104972917
0.105,0.105073585
0.1051,0.105174259
0.1052,0.105274937
0.1053,0.10537562
0.1054,0.105476309
0.1055,0.105577002
0.1056,0.1056777
0.1057,0.105778403
0.1058,0.105879111
0.1059,0.105979825
0.106,0.106080543
0.1061,0.106181267
0.1062,0.106281995
0.1063,0.106382729
0.1064,0.106483468
0.1065,0.106584212
0.1066,0.106684962
0.1067,0.106785717
0.1068,0.106886477
0.1069,0.106987242
0.107,0.107088013
0.1071,0.107188789
0.1072,0.107289571
0.1073,0.107390358
0.1074,0.10749115
0.1075,0.107591948
0.1076,0.107692752
0.1077,0.107793561
0.1078,0.107894375
0.1079,0.107995196
0.108,0.108096022
0.1081,0.108196853
0.1082,0.10829769
0.1083,0.108398533
0.1084,0.108499382
0.1085,0.108600236
0.1086,0.108701096
0.1087,0.108801962
0.1088,0.108902834
0.1089,0.109003712
0.109,0.109104595
0.1091,0.109205485
0.1092,0.10930638
0.1093,0.109407282
0.1094,0.109508189
0.1095,0.109609103
0.1096,0.109710022
0.1097,0.109810948
0.1098,0.10991188
0.1099,0.110012818
0.11,0.110113762
0.1101,0.110214712
0.1102,0.110315669
0.1103,0.110416632
0.1104,0.110517601
0.1105,0.110618576
0.1106,0.110719558
0.1107,0.110820546
0.1108,0.110921541
0.1109,0.111022542
0.111,0.111123549
0.1111,0.111224563
0.1112,0.111325584
0.1113,0.111426611
0.1114,0.111527645
0.1115,0.111628685
0.1116,0.111729732
0.1117,0.111830786
0.1118,0.111931846
0.1119,0.112032913
0.112,0.112133987
0.1121,0.112235067
0.1122,0.112336155
0.1123,0.112437249
0.1124,0.11253835
0.1125,0.112639458
0.1126,0.112740573
0.1127,0.112841695
0.1128,0.112942824
0.1129,0.11304396
0.113,0.113145104
0.1131,0.113246254
0.1132,0.113347411
0.1133,0.113448575
0.1134,0.113549747
0.1135,0.113650926
0.1136,0.113752112
0.1137,0.113853305
0.1138,0.113954506
0.1139,0.114055714
0.114,0.114156929
0.1141,0.114258152
0.1142,0.114359382
0.1143,0.11446062
0.1144,0.114561865
0.1145,0.114663118
0.1146,0.114764378
0.1147,0.114865646
0.1148,0.114966921
0.1149,0.115068205
0.115,0.115169495
0.1151,0.115270794
0.1152,0.1153721
0.1153,0.115473414
0.1154,0.115574736
0.1155,0.115676065
0.1156,0.115777403
0.1157,0.115878748
0.1158,0.115980102
0.1159,0.116081463
0.116,0.116182832
0.1161,0.11628421
0.1162,0.116385595
0.1163,0.116486989
0.1164,0.11658839
0.1165,0.1166898
0.1166,0.116791218
0.1167,0.116892644
0.1168,0.116994079
0.1169,0.117095521
0.117,0.117196972
0.1171,0.117298432
0.1172,0.1173999
0.1173,0.117501376
0.1174,0.117602861
0.1175,0.117704354
0.1176,0.117805855
0.1177,0.117907366
0.1178,0.118008884
0.1179,0.118110412
0.118,0.118211948
0.1181,0.118313493
0.1182,0.118415046
0.1183,0.118516608
0.1184,0.118618179
0.1185,0.118719759
0.1186,0.118821348
0.1187,0.118922945
0.1188,0.119024552
0.1189,0.119126167
0.119,0.119227792
0.1191,0.119329425
0.1192,0.119431068
0.1193,0.119532719
0.1194,0.11963438
0.1195,0.11973605
0.1196,0.119837729
0.1197,0.119939417
0.1198,0.120041115
0.1199,0.120142821
0.12,0.120244538
0.1201,0.120346263
0.1202,0.120447998
0.1203,0.120549742
0.1204,0.120651496
0.1205,0.120753259
0.1206,0.120855032
0.1207,0.120956814
0.1208,0.121058606
0.1209,0.121160408
0.121,0.121262219
0.1211,0.12136404
0.1212,0.121465871
0.1213,0.121567711
0.1214,0.121669562
0.1215,0.121771422
0.1216,0.121873292
0.1217,0.121975172
0.1218,0.122077062
0.1219,0.122178962
0.122,0.122280872
0.1221,0.122382792
0.1222,0.122484722
0.1223,0.122586662
0.1224,0.122688612
0.1225,0.122790573
0.1226,0.122892543
0.1227,0.122994524
0.1228,0.123096516
0.1229,0.123198517
0.123,0.123300529
0.1231,0.123402552
0.1232,0.123504585
0.1233,0.123606628
0.1234,0.123708682
0.1235,0.123810747
0.1236,0.123912822
0.1237,0.124014907
0.1238,0.124117004
0.1239,0.124219111
0.124,0.124321229
0.1241,0.124423357
0.1242,0.124525497
0.1243,0.124627647
0.1244,0.124729808
0.1245,0.12483198
0.1246,0.124934163
0.1247,0.125036357
0.1248,0.125138562
0.1249,0.125240778
0.125,0.125343005
0.1251,0.125445244
0.1252,0.125547493
0.1253,0.125649754
0.1254,0.125752026
0.1255,0.125854309
0.1256,0.125956604
0.1257,0.12605891
0.1258,0.126161227
0.1259,0.126263556
0.126,0.126365896
0.1261,0.126468248
0.1262,0.126570611
0.1263,0.126672986
0.1264,0.126775372
0.1265,0.126877771
0.1266,0.12698018
0.1267,0.127082602
0.1268,0.127185035
0.1269,0.127287481
0.127,0.127389938
0.1271,0.127492407
0.1272,0.127594887
0.1273,0.12769738
0.1274,0.127799885
0.1275,0.127902402
0.1276,0.128004931
0.1277,0.128107472
0.1278,0.128210025
0.1279,0.128312591
0.128,0.128415168
0.1281,0.128517758
0.1282,0.12862036
0.1283,0.128722975
0.1284,0.128825602
0.1285,0.128928241
0.1286,0.129030893
0.1287,0.129133557
0.1288,0.129236234
0.1289,0.129338923
0.129,0.129441625
0.1291,0.12954434
0.1292,0.129647067
0.1293,0.129749808
0.1294,0.12985256
0.1295,0.129955326
0.1296,0.130058105
0.1297,0.130160896
0.1298,0.1302637
0.1299,0.130366518
0.13,0.130469348
0.1301,0.130572191
0.1302,0.130675048
0.1303,0.130777917
0.1304,0.1308808
0.1305,0.130983696
0.1306,0.131086605
0.1307,0.131189527
0.1308,0.131292463
0.1309,0.131395412
0.131,0.131498375
0.1311,0.131601351
0.1312,0.13170434
0.1313,0.131807343
0.1314,0.131910359
0.1315,0.132013389
0.1316,0.132116433
0.1317,0.13221949
0.1318,0.132322562
0.1319,0.132425646
0.132,0.132528745
0.1321,0.132631857
0.1322,0.132734984
0.1323,0.132838124
0.1324,0.132941278
0.1325,0.133044447
0.1326,0.133147629
0.1327,0.133250825
0.1328,0.133354035
0.1329,0.13345726
0.133,0.133560499
0.1331,0.133663752
0.1332,0.133767019
0.1333,0.133870301
0.1334,0.133973597
0.1335,0.134076907
0.1336,0.134180232
0.1337,0.134283571
0.1338,0.134386925
0.1339,0.134490293
0.134,0.134593676
0.1341,0.134697074
0.1342,0.134800486
0.1343,0.134903913
0.1344,0.135007355
0.1345,0.135110812
0.1346,0.135214283
0.1347,0.13531777
0.1348,0.135421271
0.1349,0.135524787
0.135,0.135628318
0.1351,0.135731865
0.1352,0.135835426
0.1353,0.135939003
0.1354,0.136042595
0.1355,0.136146202
0.1356,0.136249824
0.1357,0.136353461
0.1358,0.136457114
0.1359,0.136560782
0.136,0.136664466
0.1361,0.136768165
0.1362,0.13687188
0.1363,0.13697561
0.1364,0.137079356
0.1365,0.137183117
0.1366,0.137286895
0.1367,0.137390687
0.1368,0.137494496
0.1369,0.13759832
0.137,0.137702161
0.1371,0.137806017
0.1372,0.137909889
0.1373,0.138013777
0.1374,0.138117681
0.1375,0.138221601
0.1376,0.138325537
0.1377,0.13842949
0.1378,0.138533458
0.1379,0.138637443
0.138,0.138741444
0.1381,0.138845462
0.1382,0.138949495
0.1383,0.139053546
0.1384,0.139157612
0.1385,0.139261695
0.1386,0.139365795
0.1387,0.139469911
0.1388,0.139574044
0.1389,0.139678193
0.139,0.139782359
0.1391,0.139886542
0.1392,0.139990742
0.1393,0.140094958
0.1394,0.140199192
0.1395,0.140303442
0.1396,0.140407709
0.1397,0.140511993
0.1398,0.140616294
0.1399,0.140720613
0.14,0.140824948
0.1401,0.140929301
0.1402,0.141033671
0.1403,0.141138058
0.1404,0.141242462
0.1405,0.141346884
0.1406,0.141451323
0.1407,0.14155578
0.1408,0.141660254
0.1409,0.141764745
0.141,0.141869254
0.1411,0.141973781
0.1412,0.142078326
0.1413,0.142182888
0.1414,0.142287467
0.1415,0.142392065
0.1416,0.14249668
0.1417,0.142601314
0.1418,0.142705965
0.1419,0.142810634
0.142,0.142915321
0.1421,0.143020026
0.1422,0.14312475
0.1423,0.143229491
0.1424,0.143334251
0.1425,0.143439029
0.1426,0.143543825
0.1427,0.143648639
0.1428,0.143753472
0.1429,0.143858323
0.143,0.143963193
0.1431,0.144068081
0.1432,0.144172987
0.1433,0.144277912
0.1434,0.144382856
0.1435,0.144487819
0.1436,0.1445928
0.1437,0.1446978
0.1438,0.144802819
0.1439,0.144907856
0.144,0.145012913
0.1441,0.145117988
0.1442,0.145223083
0.1443,0.145328196
0.1444,0.145433328
0.1445,0.14553848
0.1446,0.145643651
0.1447,0.145748841
0.1448,0.14585405
0.1449,0.145959279
0.145,0.146064526
0.1451,0.146169794
0.1452,0.14627508
0.1453,0.146380386
0.1454,0.146485712
0.1455,0.146591057
0.1456,0.146696422
0.1457,0.146801807
0.1458,0.146907211
0.1459,0.147012635
0.146,0.147118078
0.1461,0.147223542
0.1462,0.147329026
0.1463,0.147434529
0.1464,0.147540052
0.1465,0.147645596
0.1466,0.147751159
0.1467,0.147856743
0.1468,0.147962346
0.1469,0.14806797
0.147,0.148173615
0.1471,0.148279279
0.1472,0.148384964
0.1473,0.148490669
0.1474,0.148596395
0.1475,0.148702141
0.1476,0.148807907
0.1477,0.148913695
0.1478,0.149019502
0.1479,0.149125331
0.148,0.14923118
0.1481,0.14933705
0.1482,0.149442941
0.1483,0.149548853
0.1484,0.149654785
0.1485,0.149760739
0.1486,0.149866713
0.1487,0.149972709
0.1488,0.150078725
0.1489,0.150184763
0.149,0.150290822
0.1491,0.150396902
0.1492,0.150503003
0.1493,0.150609126
0.1494,0.15071527
0.1495,0.150821435
0.1496,0.150927622
0.1497,0.151033831
0.1498,0.151140061
0.1499,0.151246312
0.15,0.151352586
0.1501,0.15145888
0.1502,0.151565197
0.1503,0.151671536
0.1504,0.151777896
0.1505,0.151884278
0.1506,0.151990682
0.1507,0.152097108
0.1508,0.152203556
0.1509,0.152310026
0.151,0.152416519
0.1511,0.152523033
0.1512,0.15262957
0.1513,0.152736129
0.1514,0.15284271
0.1515,0.152949313
0.1516,0.153055939
0.1517,0.153162588
0.1518,0.153269259
0.1519,0.153375952
0.152,0.153482668
0.1521,0.153589407
0.1522,0.153696168
0.1523,0.153802952
0.1524,0.153909759
0.1525,0.154016589
0.1526,0.154123441
0.1527,0.154230317
0.1528,0.154337215
0.1529,0.154444137
0.153,0.154551082
0.1531,0.154658049
0.1532,0.15476504
0.1533,0.154872054
0.1534,0.154979092
0.1535,0.155086152
0.1536,0.155193236
0.1537,0.155300344
0.1538,0.155407475
0.1539,0.155514629
0.154,0.155621807
0.1541,0.155729009
0.1542,0.155836234
0.1543,0.155943483
0.1544,0.156050756
0.1545,0.156158052
0.1546,0.156265373
0.1547,0.156372717
0.1548,0.156480085
0.1549,0.156587477
0.155,0.156694893
0.1551,0.156802334
0.1552,0.156909798
0.1553,0.157017287
0.1554,0.1571248
0.1555,0.157232337
0.1556,0.157339898
0.1557,0.157447484
0.1558,0.157555095
0.1559,0.157662729
0.156,0.157770389
0.1561,0.157878073
0.1562,0.157985781
0.1563,0.158093514
0.1564,0.158201272
0.1565,0.158309055
0.1566,0.158416863
0.1567,0.158524695
0.1568,0.158632552
0.1569,0.158740435
0.157,0.158848342
0.1571,0.158956275
0.1572,0.159064232
0.1573,0.159172215
0.1574,0.159280223
0.1575,0.159388256
0.1576,0.159496315
0.1577,0.159604399
0.1578,0.159712508
0.1579,0.159820643
0.158,0.159928804
0.1581,0.160036989
0.1582,0.160145201
0.1583,0.160253438
0.1584,0.160361701
0.1585,0.16046999
0.1586,0.160578305
0.1587,0.160686645
0.1588,0.160795012
0.1589,0.160903404
0.159,0.161011822
0.1591,0.161120267
0.1592,0.161228738
0.1593,0.161337234
0.1594,0.161445757
0.1595,0.161554307
0.1596,0.161662882
0.1597,0.161771484
0.1598,0.161880113
0.1599,0.161988768
0.16,0.162097449
0.1601,0.162206157
0.1602,0.162314892
0.1603,0.162423653
0.1604,0.162532442
0.1605,0.162641256
0.1606,0.162750098
0.1607,0.162858967
0.1608,0.162967862
0.1609,0.163076785
0.161,0.163185735
0.1611,0.163294711
0.1612,0.163403715
0.1613,0.163512746
0.1614,0.163621805
0.1615,0.16373089
0.1616,0.163840003
0.1617,0.163949144
0.1618,0.164058311
0.1619,0.164167507
0.162,0.16427673
0.1621,0.16438598
0.1622,0.164495258
0.1623,0.164604564
0.1624,0.164713898
0.1625,0.164823259
0.1626,0.164932648
0.1627,0.165042066
0.1628,0.165151511
0.1629,0.165260984
0.163,0.165370485
0.1631,0.165480015
0.1632,0.165589572
0.1633,0.165699158
0.1634,0.165808772
0.1635,0.165918415
0.1636,0.166028085
0.1637,0.166137785
0.1638,0.166247513
0.1639,0.166357269
0.164,0.166467054
0.1641,0.166576867
0.1642,0.16668671
0.1643,0.166796581
0.1644,0.16690648
0.1645,0.167016409
0.1646,0.167126367
0.1647,0.167236353
0.1648,0.167346369
0.1649,0.167456413
0.165,0.167566487
0.1651,0.16767659
0.1652,0.167786722
0.1653,0.167896884
0.1654,0.168007074
0.1655,0.168117294
0.1656,0.168227544
0.1657,0.168337823
0.1658,0.168448132
0.1659,0.16855847
0.166,0.168668838
0.1661,0.168779235
0.1662,0.168889663
0.1663,0.16900012
0.1664,0.169110607
0.1665,0.169221124
0.1666,0.169331671
0.1667,0.169442248
0.1668,0.169552855
0.1669,0.169663492
0.167,0.169774159
0.1671,0.169884857
0.1672,0.169995585
0.1673,0.170106343
0.1674,0.170217131
0.1675,0.17032795
0.1676,0.1704388
0.1677,0.17054968
0.1678,0.170660591
0.1679,0.170771532
0.168,0.170882504
0.1681,0.170993507
0.1682,0.171104541
0.1683,0.171215606
0.1684,0.171326701
0.1685,0.171437828
0.1686,0.171548985
0.1687,0.171660174
0.1688,0.171771394
0.1689,0.171882645
0.169,0.171993927
0.1691,0.172105241
0.1692,0.172216586
0.1693,0.172327962
0.1694,0.17243937
0.1695,0.17255081
0.1696,0.172662281
0.1697,0.172773783
0.1698,0.172885318
0.1699,0.172996884
0.17,0.173108482
0.1701,0.173220112
0.1702,0.173331774
0.1703,0.173443467
0.1704,0.173555193
0.1705,0.173666951
0.1706,0.173778741
0.1707,0.173890563
0.1708,0.174002417
0.1709,0.174114304
0.171,0.174226223
0.1711,0.174338175
0.1712,0.174450159
0.1713,0.174562175
0.1714,0.174674224
0.1715,0.174786306
0.1716,0.174898421
0.1717,0.175010568
0.1718,0.175122748
0.1719,0.175234961
0.172,0.175347206
0.1721,0.175459485
0.1722,0.175571797
0.1723,0.175684142
0.1724,0.17579652
0.1725,0.175908931
0.1726,0.176021375
0.1727,0.176133853
0.1728,0.176246364
0.1729,0.176358909
0.173,0.176471487
0.1731,0.176584098
0.1732,0.176696743
0.1733,0.176809422
0.1734,0.176922135
0.1735,0.177034881
0.1736,0.177147661
0.1737,0.177260475
0.1738,0.177373322
0.1739,0.177486204
0.174,0.17759912
0.1741,0.17771207
0.1742,0.177825054
0.1743,0.177938072
0.1744,0.178051125
0.1745,0.178164212
0.1746,0.178277333
0.1747,0.178390489
0.1748,0.178503679
0.1749,0.178616904
0.175,0.178730163
0.1751,0.178843457
0.1752,0.178956786
0.1753,0.17907015
0.1754,0.179183548
0.1755,0.179296981
0.1756,0.179410449
0.1757,0.179523953
0.1758,0.179637491
0.1759,0.179751064
0.176,0.179864673
0.1761,0.179978317
0.1762,0.180091996
0.1763,0.18020571
0.1764,0.18031946
0.1765,0.180433246
0.1766,0.180547066
0.1767,0.180660923
0.1768,0.180774815
0.1769,0.180888743
0.177,0.181002706
0.1771,0.181116706
0.1772,0.181230741
0.1773,0.181344812
0.1774,0.181458919
0.1775,0.181573063
0.1776,0.181687242
0.1777,0.181801457
0.1778,0.181915709
0.1779,0.182029997
0.178,0.182144322
0.1781,0.182258682
0.1782,0.18237308
0.1783,0.182487513
0.1784,0.182601984
0.1785,0.18271649
0.1786,0.182831034
0.1787,0.182945615
0.1788,0.183060232
0.1789,0.183174886
0.179,0.183289577
0.1791,0.183404305
0.1792,0.18351907
0.1793,0.183633872
0.1794,0.183748711
0.1795,0.183863588
0.1796,0.183978501
0.1797,0.184093453
0.1798,0.184208441
0.1799,0.184323467
0.18,0.184438531
0.1801,0.184553632
0.1802,0.184668771
0.1803,0.184783947
0.1804,0.184899161
0.1805,0.185014413
0.1806,0.185129703
0.1807,0.185245031
0.1808,0.185360397
0.1809,0.185475801
0.181,0.185591243
0.1811,0.185706723
0.1812,0.185822241
0.1813,0.185937798
0.1814,0.186053393
0.1815,0.186169027
0.1816,0.186284699
0.1817,0.186400409
0.1818,0.186516158
0.1819,0.186631946
0.182,0.186747773
0.1821,0.186863638
0.1822,0.186979542
0.1823,0.187095485
0.1824,0.187211467
0.1825,0.187327488
0.1826,0.187443548
0.1827,0.187559648
0.1828,0.187675786
0.1829,0.187791964
0.183,0.187908181
0.1831,0.188024437
0.1832,0.188140733
0.1833,0.188257069
0.1834,0.188373444
0.1835,0.188489858
0.1836,0.188606313
0.1837,0.188722807
0.1838,0.188839341
0.1839,0.188955914
0.184,0.189072528
0.1841,0.189189182
0.1842,0.189305876
0.1843,0.189422609
0.1844,0.189539384
0.1845,0.189656198
0.1846,0.189773053
0.1847,0.189889948
0.1848,0.190006883
0.1849,0.190123859
0.185,0.190240876
0.1851,0.190357933
0.1852,0.190475031
0.1853,0.190592169
0.1854,0.190709349
0.1855,0.190826569
0.1856,0.19094383
0.1857,0.191061132
0.1858,0.191178475
0.1859,0.19129586
0.186,0.191413285
0.1861,0.191530752
0.1862,0.19164826
0.1863,0.19176581
0.1864,0.191883401
0.1865,0.192001033
0.1866,0.192118707
0.1867,0.192236423
0.1868,0.19235418
0.1869,0.192471979
0.187,0.19258982
0.1871,0.192707703
0.1872,0.192825627
0.1873,0.192943594
0.1874,0.193061603
0.1875,0.193179654
0.1876,0.193297747
0.1877,0.193415882
0.1878,0.19353406
0.1879,0.19365228
0.188,0.193770542
0.1881,0.193888847
0.1882,0.194007195
0.1883,0.194125585
0.1884,0.194244018
0.1885,0.194362494
0.1886,0.194481012
0.1887,0.194599574
0.1888,0.194718178
0.1889,0.194836826
0.189,0.194955516
0.1891,0.19507425
0.1892,0.195193027
0.1893,0.195311847
0.1894,0.19543071
0.1895,0.195549617
0.1896,0.195668568
0.1897,0.195787562
0.1898,0.195906599
0.1899,0.196025681
0.19,0.196144805
0.1901,0.196263974
0.1902,0.196383187
0.1903,0.196502443
0.1904,0.196621744
0.1905,0.196741089
0.1906,0.196860477
0.1907,0.19697991
0.1908,0.197099388
0.1909,0.197218909
0.191,0.197338475
0.1911,0.197458086
0.1912,0.19757774
0.1913,0.19769744
0.1914,0.197817184
0.1915,0.197936973
0.1916,0.198056807
0.1917,0.198176685
0.1918,0.198296609
0.1919,0.198416577
0.192,0.19853659
0.1921,0.198656649
0.1922,0.198776753
0.1923,0.198896902
0.1924,0.199017096
0.1925,0.199137336
0.1926,0.199257621
0.1927,0.199377952
0.1928,0.199498328
0.1929,0.19961875
0.193,0.199739217
0.1931,0.199859731
0.1932,0.19998029
0.1933,0.200100895
0.1934,0.200221546
0.1935,0.200342244
0.1936,0.200462987
0.1937,0.200583776
0.1938,0.200704612
0.1939,0.200825494
0.194,0.200946423
0.1941,0.201067398
0.1942,0.201188419
0.1943,0.201309487
0.1944,0.201430602
0.1945,0.201551763
0.1946,0.201672972
0.1947,0.201794227
0.1948,0.201915529
0.1949,0.202036878
0.195,0.202158274
0.1951,0.202279717
0.1952,0.202401207
0.1953,0.202522745
0.1954,0.20264433
0.1955,0.202765962
0.1956,0.202887642
0.1957,0.20300937
0.1958,0.203131145
0.1959,0.203252968
0.196,0.203374838
0.1961,0.203496756
0.1962,0.203618723
0.1963,0.203740737
0.1964,0.203862799
0.1965,0.203984909
0.1966,0.204107068
0.1967,0.204229274
0.1968,0.204351529
0.1969,0.204473833
0.197,0.204596184
0.1971,0.204718585
0.1972,0.204841034
0.1973,0.204963531
0.1974,0.205086077
0.1975,0.205208673
0.1976,0.205331316
0.1977,0.205454009
0.1978,0.205576751
0.1979,0.205699542
0.198,0.205822382
0.1981,0.205945271
0.1982,0.20606821
0.1983,0.206191198
0.1984,0.206314235
0.1985,0.206437322
0.1986,0.206560459
0.1987,0.206683645
0.1988,0.20680688
0.1989,0.206930166
0.199,0.207053501
0.1991,0.207176886
0.1992,0.207300322
0.1993,0.207423807
0.1994,0.207547343
0.1995,0.207670928
0.1996,0.207794564
0.1997,0.20791825
0.1998,0.208041987
0.1999,0.208165774
0.2,0.208289612
0.2001,0.2084135
0.2002,0.20853744
0.2003,0.208661429
0.2004,0.20878547
0.2005,0.208909562
0.2006,0.209033704
0.2007,0.209157898
0.2008,0.209282143
0.2009,0.209406439
0.201,0.209530786
0.2011,0.209655185
0.2012,0.209779635
0.2013,0.209904137
0.2014,0.21002869
0.2015,0.210153295
0.2016,0.210277951
0.2017,0.210402659
0.2018,0.21052742
0.2019,0.210652232
0.202,0.210777096
0.2021,0.210902012
0.2022,0.21102698
0.2023,0.211152001
0.2024,0.211277074
0.2025,0.211402199
0.2026,0.211527377
0.2027,0.211652607
0.2028,0.21177789
0.2029,0.211903225
0.203,0.212028613
0.2031,0.212154055
0.2032,0.212279548
0.2033,0.212405095
0.2034,0.212530695
0.2035,0.212656348
0.2036,0.212782055
0.2037,0.212907814
0.2038,0.213033627
0.2039,0.213159493
0.204,0.213285413
0.2041,0.213411386
0.2042,0.213537413
0.2043,0.213663494
0.2044,0.213789628
0.2045,0.213915817
0.2046,0.214042059
0.2047,0.214168355
0.2048,0.214294705
0.2049,0.21442111
0.205,0.214547569
0.2051,0.214674082
0.2052,0.214800649
0.2053,0.214927271
0.2054,0.215053948
0.2055,0.215180679
0.2056,0.215307464
0.2057,0.215434305
0.2058,0.2155612
0.2059,0.215688151
0.206,0.215815156
0.2061,0.215942216
0.2062,0.216069332
0.2063,0.216196502
0.2064,0.216323728
0.2065,0.21645101
0.2066,0.216578347
0.2067,0.216705739
0.2068,0.216833187
0.2069,0.216960691
0.207,0.21708825
0.2071,0.217215866
0.2072,0.217343537
0.2073,0.217471264
0.2074,0.217599047
0.2075,0.217726887
0.2076,0.217854782
0.2077,0.217982734
0.2078,0.218110743
0.2079,0.218238807
0.208,0.218366929
0.2081,0.218495107
0.2082,0.218623341
0.2083,0.218751633
0.2084,0.218879981
0.2085,0.219008386
0.2086,0.219136849
0.2087,0.219265368
0.2088,0.219393944
0.2089,0.219522578
0.209,0.219651269
0.2091,0.219780018
0.2092,0.219908824
0.2093,0.220037687
0.2094,0.220166608
0.2095,0.220295587
0.2096,0.220424624
0.2097,0.220553718
0.2098,0.220682871
0.2099,0.220812081
0.21,0.22094135
0.2101,0.221070677
0.2102,0.221200062
0.2103,0.221329505
0.2104,0.221459007
0.2105,0.221588567
0.2106,0.221718186
0.2107,0.221847864
0.2108,0.221977601
0.2109,0.222107396
0.211,0.22223725
0.2111,0.222367163
0.2112,0.222497135
0.2113,0.222627167
0.2114,0.222757258
0.2115,0.222887408
0.2116,0.223017617
0.2117,0.223147886
0.2118,0.223278214
0.2119,0.223408602
0.212,0.22353905
0.2121,0.223669558
0.2122,0.223800125
0.2123,0.223930753
0.2124,0.22406144
0.2125,0.224192188
0.2126,0.224322996
0.2127,0.224453864
0.2128,0.224584793
0.2129,0.224715782
0.213,0.224846831
0.2131,0.224977941
0.2132,0.225109112
0.2133,0.225240344
0.2134,0.225371637
0.2135,0.22550299
0.2136,0.225634405
0.2137,0.225765881
0.2138,0.225897418
0.2139,0.226029016
0.214,0.226160675
0.2141,0.226292397
0.2142,0.226424179
0.2143,0.226556023
0.2144,0.226687929
0.2145,0.226819897
0.2146,0.226951927
0.2147,0.227084018
0.2148,0.227216172
0.2149,0.227348388
0.215,0.227480666
0.2151,0.227613006
0.2152,0.227745409
0.2153,0.227877874
0.2154,0.228010402
0.2155,0.228142992
0.2156,0.228275645
0.2157,0.228408361
0.2158,0.22854114
0.2159,0.228673982
0.216,0.228806886
0.2161,0.228939854
0.2162,0.229072886
0.2163,0.22920598
0.2164,0.229339138
0.2165,0.229472359
0.2166,0.229605644
0.2167,0.229738993
0.2168,0.229872405
0.2169,0.230005882
0.217,0.230139422
0.2171,0.230273026
0.2172,0.230406694
0.2173,0.230540427
0.2174,0.230674224
0.2175,0.230808085
0.2176,0.23094201
0.2177,0.231076
0.2178,0.231210055
0.2179,0.231344174
0.218,0.231478359
0.2181,0.231612608
0.2182,0.231746922
0.2183,0.231881301
0.2184,0.232015745
0.2185,0.232150254
0.2186,0.232284829
0.2187,0.232419469
0.2188,0.232554175
0.2189,0.232688946
0.219,0.232823783
0.2191,0.232958686
0.2192,0.233093654
0.2193,0.233228689
0.2194,0.233363789
0.2195,0.233498956
0.2196,0.233634189
0.2197,0.233769488
0.2198,0.233904854
0.2199,0.234040285
0.22,0.234175784
0.2201,0.234311349
0.2202,0.234446981
0.2203,0.23458268
0.2204,0.234718446
0.2205,0.234854278
0.2206,0.234990178
0.2207,0.235126145
0.2208,0.235262179
0.2209,0.235398281
0.221,0.23553445
0.2211,0.235670687
0.2212,0.235806991
0.2213,0.235943363
0.2214,0.236079803
0.2215,0.23621631
0.2216,0.236352886
0.2217,0.23648953
0.2218,0.236626242
0.2219,0.236763022
0.222,0.236899871
0.2221,0.237036788
0.2222,0.237173774
0.2223,0.237310828
0.2224,0.237447952
0.2225,0.237585144
0.2226,0.237722404
0.2227,0.237859734
0.2228,0.237997133
0.2229,0.238134601
0.223,0.238272139
0.2231,0.238409746
0.2232,0.238547422
0.2233,0.238685168
0.2234,0.238822984
0.2235,0.238960869
0.2236,0.239098824
0.2237,0.23923685
0.2238,0.239374945
0.2239,0.23951311
0.224,0.239651346
0.2241,0.239789652
0.2242,0.239928028
0.2243,0.240066475
0.2244,0.240204992
0.2245,0.240343581
0.2246,0.24048224
0.2247,0.240620969
0.2248,0.24075977
0.2249,0.240898642
0.225,0.241037585
0.2251,0.2411766
0.2252,0.241315685
0.2253,0.241454843
0.2254,0.241594071
0.2255,0.241733372
0.2256,0.241872744
0.2257,0.242012188
0.2258,0.242151704
0.2259,0.242291292
0.226,0.242430952
0.2261,0.242570684
0.2262,0.242710489
0.2263,0.242850366
0.2264,0.242990316
0.2265,0.243130338
0.2266,0.243270433
0.2267,0.243410601
0.2268,0.243550841
0.2269,0.243691155
0.227,0.243831542
0.2271,0.243972002
0.2272,0.244112535
0.2273,0.244253142
0.2274,0.244393822
0.2275,0.244534576
0.2276,0.244675403
0.2277,0.244816304
0.2278,0.24495728
0.2279,0.245098329
0.228,0.245239452
0.2281,0.245380649
0.2282,0.245521921
0.2283,0.245663267
0.2284,0.245804688
0.2285,0.245946183
0.2286,0.246087753
0.2287,0.246229397
0.2288,0.246371117
0.2289,0.246512911
0.229,0.246654781
0.2291,0.246796726
0.2292,0.246938746
0.2293,0.247080841
0.2294,0.247223012
0.2295,0.247365258
0.2296,0.24750758
0.2297,0.247649978
0.2298,0.247792452
0.2299,0.247935002
0.23,0.248077628
0.2301,0.24822033
0.2302,0.248363109
0.2303,0.248505963
0.2304,0.248648895
0.2305,0.248791903
0.2306,0.248934987
0.2307,0.249078148
0.2308,0.249221387
0.2309,0.249364702
0.231,0.249508095
0.2311,0.249651564
0.2312,0.249795111
0.2313,0.249938736
0.2314,0.250082437
0.2315,0.250226217
0.2316,0.250370074
0.2317,0.250514009
0.2318,0.250658022
0.2319,0.250802113
0.232,0.250946283
0.2321,0.25109053
0.2322,0.251234856
0.2323,0.25137926
0.2324,0.251523743
0.2325,0.251668305
0.2326,0.251812945
0.2327,0.251957664
0.2328,0.252102462
0.2329,0.252247339
0.233,0.252392296
0.2331,0.252537332
0.2332,0.252682447
0.2333,0.252827641
0.2334,0.252972916
0.2335,0.25311827
0.2336,0.253263704
0.2337,0.253409217
0.2338,0.253554811
0.2339,0.253700485
0.234,0.253846239
0.2341,0.253992074
0.2342,0.254137989
0.2343,0.254283985
0.2344,0.254430061
0.2345,0.254576218
0.2346,0.254722456
0.2347,0.254868775
0.2348,0.255015175
0.2349,0.255161657
0.235,0.255308219
0.2351,0.255454864
0.2352,0.255601589
0.2353,0.255748397
0.2354,0.255895286
0.2355,0.256042257
0.2356,0.25618931
0.2357,0.256336445
0.2358,0.256483662
0.2359,0.256630962
0.236,0.256778344
0.2361,0.256925808
0.2362,0.257073356
0.2363,0.257220986
0.2364,0.257368698
0.2365,0.257516494
0.2366,0.257664373
0.2367,0.257812335
0.2368,0.257960381
0.2369,0.25810851
0.237,0.258256722
0.2371,0.258405018
0.2372,0.258553398
0.2373,0.258701861
0.2374,0.258850409
0.2375,0.258999041
0.2376,0.259147757
0.2377,0.259296557
0.2378,0.259445441
0.2379,0.259594411
0.238,0.259743464
0.2381,0.259892603
0.2382,0.260041827
0.2383,0.260191135
0.2384,0.260340529
0.2385,0.260490007
0.2386,0.260639572
0.2387,0.260789221
0.2388,0.260938956
0.2389,0.261088777
0.239,0.261238684
0.2391,0.261388676
0.2392,0.261538755
0.2393,0.261688919
0.2394,0.26183917
0.2395,0.261989508
0.2396,0.262139931
0.2397,0.262290442
0.2398,0.262441039
0.2399,0.262591723
0.24,0.262742494
0.2401,0.262893352
0.2402,0.263044297
0.2403,0.263195329
0.2404,0.263346449
0.2405,0.263497656
0.2406,0.263648951
0.2407,0.263800334
0.2408,0.263951804
0.2409,0.264103363
0.241,0.26425501
0.2411,0.264406745
0.2412,0.264558568
0.2413,0.26471048
0.2414,0.26486248
0.2415,0.265014569
0.2416,0.265166747
0.2417,0.265319014
0.2418,0.265471369
0.2419,0.265623814
0.242,0.265776349
0.2421,0.265928972
0.2422,0.266081686
0.2423,0.266234489
0.2424,0.266387381
0.2425,0.266540364
0.2426,0.266693437
0.2427,0.266846599
0.2428,0.266999852
0.2429,0.267153196
0.243,0.26730663
0.2431,0.267460154
0.2432,0.267613769
0.2433,0.267767475
0.2434,0.267921273
0.2435,0.268075161
0.2436,0.26822914
0.2437,0.268383211
0.2438,0.268537373
0.2439,0.268691627
0.244,0.268845973
0.2441,0.26900041
0.2442,0.26915494
0.2443,0.269309561
0.2444,0.269464275
0.2445,0.269619081
0.2446,0.269773979
0.2447,0.26992897
0.2448,0.270084054
0.2449,0.270239231
0.245,0.2703945
0.2451,0.270549863
0.2452,0.270705319
0.2453,0.270860868
0.2454,0.27101651
0.2455,0.271172247
0.2456,0.271328077
0.2457,0.271484
0.2458,0.271640018
0.2459,0.27179613
0.246,0.271952336
0.2461,0.272108636
0.2462,0.272265031
0.2463,0.27242152
0.2464,0.272578104
0.2465,0.272734783
0.2466,0.272891557
0.2467,0.273048426
0.2468,0.273205391
0.2469,0.27336245
0.247,0.273519605
0.2471,0.273676856
0.2472,0.273834202
0.2473,0.273991645
0.2474,0.274149183
0.2475,0.274306818
0.2476,0.274464548
0.2477,0.274622375
0.2478,0.274780299
0.2479,0.274938319
0.248,0.275096436
0.2481,0.27525465
0.2482,0.275412961
0.2483,0.275571369
0.2484,0.275729875
0.2485,0.275888477
0.2486,0.276047178
0.2487,0.276205976
0.2488,0.276364872
0.2489,0.276523866
0.249,0.276682958
0.2491,0.276842148
0.2492,0.277001436
0.2493,0.277160823
0.2494,0.277320309
0.2495,0.277479893
0.2496,0.277639577
0.2497,0.277799359
0.2498,0.27795924
0.2499,0.278119221
0.25,0.278279301
0.2501,0.278439481
0.2502,0.27859976
0.2503,0.27876014
0.2504,0.278920619
0.2505,0.279081198
0.2506,0.279241877
0.2507,0.279402657
0.2508,0.279563537
0.2509,0.279724518
0.251,0.2798856
0.2511,0.280046783
0.2512,0.280208066
0.2513,0.280369451
0.2514,0.280530937
0.2515,0.280692525
0.2516,0.280854214
0.2517,0.281016005
0.2518,0.281177898
0.2519,0.281339892
0.252,0.281501989
0.2521,0.281664188
0.2522,0.28182649
0.2523,0.281988894
0.2524,0.282151401
0.2525,0.282314011
0.2526,0.282476723
0.2527,0.282639539
0.2528,0.282802458
0.2529,0.28296548
0.253,0.283128606
0.2531,0.283291836
0.2532,0.283455169
0.2533,0.283618606
0.2534,0.283782148
0.2535,0.283945793
0.2536,0.284109543
0.2537,0.284273398
0.2538,0.284437357
0.2539,0.284601421
0.254,0.28476559
0.2541,0.284929864
0.2542,0.285094243
0.2543,0.285258728
0.2544,0.285423318
0.2545,0.285588014
0.2546,0.285752815
0.2547,0.285917723
0.2548,0.286082736
0.2549,0.286247856
0.255,0.286413082
0.2551,0.286578415
0.2552,0.286743854
0.2553,0.2869094
0.2554,0.287075054
0.2555,0.287240814
0.2556,0.287406681
0.2557,0.287572656
0.2558,0.287738738
0.2559,0.287904929
0.256,0.288071226
0.2561,0.288237632
0.2562,0.288404146
0.2563,0.288570769
0.2564,0.288737499
0.2565,0.288904339
0.2566,0.289071287
0.2567,0.289238343
0.2568,0.289405509
0.2569,0.289572784
0.257,0.289740169
0.2571,0.289907662
0.2572,0.290075266
0.2573,0.290242979
0.2574,0.290410802
0.2575,0.290578735
0.2576,0.290746778
0.2577,0.290914932
0.2578,0.291083196
0.2579,0.291251571
0.258,0.291420057
0.2581,0.291588653
0.2582,0.291757361
0.2583,0.29192618
0.2584,0.29209511
0.2585,0.292264152
0.2586,0.292433306
0.2587,0.292602571
0.2588,0.292771949
0.2589,0.292941439
0.259,0.293111041
0.2591,0.293280755
0.2592,0.293450583
0.2593,0.293620523
0.2594,0.293790576
0.2595,0.293960742
0.2596,0.294131021
0.2597,0.294301414
0.2598,0.29447192
0.2599,0.29464254
0.26,0.294813274
0.2601,0.294984122
0.2602,0.295155084
0.2603,0.295326161
0.2604,0.295497352
0.2605,0.295668657
0.2606,0.295840078
0.2607,0.296011613
0.2608,0.296183264
0.2609,0.29635503
0.261,0.296526911
0.2611,0.296698908
0.2612,0.296871021
0.2613,0.29704325
0.2614,0.297215595
0.2615,0.297388056
0.2616,0.297560633
0.2617,0.297733327
0.2618,0.297906138
0.2619,0.298079066
0.262,0.29825211
0.2621,0.298425272
0.2622,0.298598552
0.2623,0.298771949
0.2624,0.298945463
0.2625,0.299119096
0.2626,0.299292846
0.2627,0.299466715
0.2628,0.299640702
0.2629,0.299814807
0.263,0.299989031
0.2631,0.300163374
0.2632,0.300337836
0.2633,0.300512418
0.2634,0.300687118
0.2635,0.300861938
0.2636,0.301036878
0.2637,0.301211938
0.2638,0.301387117
0.2639,0.301562417
0.264,0.301737837
0.2641,0.301913377
0.2642,0.302089039
0.2643,0.302264821
0.2644,0.302440724
0.2645,0.302616748
0.2646,0.302792893
0.2647,0.30296916
0.2648,0.303145549
0.2649,0.30332206
0.265,0.303498692
0.2651,0.303675447
0.2652,0.303852324
0.2653,0.304029323
0.2654,0.304206446
0.2655,0.304383691
0.2656,0.304561059
0.2657,0.30473855
0.2658,0.304916165
0.2659,0.305093903
0.266,0.305271765
0.2661,0.305449751
0.2662,0.305627861
0.2663,0.305806095
0.2664,0.305984453
0.2665,0.306162937
0.2666,0.306341544
0.2667,0.306520277
0.2668,0.306699135
0.2669,0.306878118
0.267,0.307057227
0.2671,0.307236461
0.2672,0.307415821
0.2673,0.307595307
0.2674,0.307774919
0.2675,0.307954657
0.2676,0.308134522
0.2677,0.308314514
0.2678,0.308494632
0.2679,0.308674878
0.268,0.30885525
0.2681,0.30903575
0.2682,0.309216378
0.2683,0.309397133
0.2684,0.309578017
0.2685,0.309759028
0.2686,0.309940168
0.2687,0.310121436
0.2688,0.310302832
0.2689,0.310484358
0.269,0.310666012
0.2691,0.310847796
0.2692,0.311029709
0.2693,0.311211752
0.2694,0.311393924
0.2695,0.311576226
0.2696,0.311758659
0.2697,0.311941221
0.2698,0.312123914
0.2699,0.312306738
0.27,0.312489692
0.2701,0.312672778
0.2702,0.312855994
0.2703,0.313039342
0.2704,0.313222822
0.2705,0.313406433
0.2706,0.313590176
0.2707,0.313774052
0.2708,0.313958059
0.2709,0.314142199
0.271,0.314326472
0.2711,0.314510878
0.2712,0.314695416
0.2713,0.314880088
0.2714,0.315064894
0.2715,0.315249832
0.2716,0.315434905
0.2717,0.315620112
0.2718,0.315805453
0.2719,0.315990928
0.272,0.316176538
0.2721,0.316362282
0.2722,0.316548161
0.2723,0.316734176
0.2724,0.316920326
0.2725,0.317106611
0.2726,0.317293032
0.2727,0.317479589
0.2728,0.317666282
0.2729,0.317853111
0.273,0.318040077
0.2731,0.318227179
0.2732,0.318414418
0.2733,0.318601795
0.2734,0.318789308
0.2735,0.318976959
0.2736,0.319164748
0.2737,0.319352674
0.2738,0.319540738
0.2739,0.319728941
0.274,0.319917282
0.2741,0.320105761
0.2742,0.32029438
0.2743,0.320483137
0.2744,0.320672034
0.2745,0.32086107
0.2746,0.321050245
0.2747,0.321239561
0.2748,0.321429016
0.2749,0.321618612
0.275,0.321808348
0.2751,0.321998224
0.2752,0.322188241
0.2753,0.3223784
0.2754,0.322568699
0.2755,0.32275914
0.2756,0.322949722
0.2757,0.323140447
0.2758,0.323331313
0.2759,0.323522321
0.276,0.323713472
0.2761,0.323904766
0.2762,0.324096202
0.2763,0.324287781
0.2764,0.324479504
0.2765,0.32467137
0.2766,0.324863379
0.2767,0.325055532
0.2768,0.32524783
0.2769,0.325440271
0.277,0.325632858
0.2771,0.325825588
0.2772,0.326018464
0.2773,0.326211485
0.2774,0.326404651
0.2775,0.326597962
0.2776,0.326791419
0.2777,0.326985022
0.2778,0.327178771
0.2779,0.327372667
0.278,0.327566709
0.2781,0.327760898
0.2782,0.327955233
0.2783,0.328149716
0.2784,0.328344347
0.2785,0.328539124
0.2786,0.32873405
0.2787,0.328929124
0.2788,0.329124346
0.2789,0.329319716
0.279,0.329515235
0.2791,0.329710903
0.2792,0.32990672
0.2793,0.330102686
0.2794,0.330298802
0.2795,0.330495067
0.2796,0.330691483
0.2797,0.330888049
0.2798,0.331084765
0.2799,0.331281631
0.28,0.331478649
0.2801,0.331675817
0.2802,0.331873137
0.2803,0.332070608
0.2804,0.332268231
0.2805,0.332466005
0.2806,0.332663932
0.2807,0.332862012
0.2808,0.333060243
0.2809,0.333258628
0.281,0.333457166
0.2811,0.333655856
0.2812,0.333854701
0.2813,0.334053699
0.2814,0.334252851
0.2815,0.334452157
0.2816,0.334651617
0.2817,0.334851232
0.2818,0.335051002
0.2819,0.335250926
0.282,0.335451006
0.2821,0.335651242
0.2822,0.335851633
0.2823,0.33605218
0.2824,0.336252883
0.2825,0.336453743
0.2826,0.336654759
0.2827,0.336855932
0.2828,0.337057262
0.2829,0.33725875
0.283,0.337460395
0.2831,0.337662198
0.2832,0.337864158
0.2833,0.338066277
0.2834,0.338268555
0.2835,0.338470991
0.2836,0.338673586
0.2837,0.33887634
0.2838,0.339079253
0.2839,0.339282326
0.284,0.339485559
0.2841,0.339688952
0.2842,0.339892505
0.2843,0.340096219
0.2844,0.340300094
0.2845,0.34050413
0.2846,0.340708326
0.2847,0.340912685
0.2848,0.341117205
0.2849,0.341321887
0.285,0.341526731
0.2851,0.341731738
0.2852,0.341936907
0.2853,0.34214224
0.2854,0.342347735
0.2855,0.342553394
0.2856,0.342759217
0.2857,0.342965203
0.2858,0.343171353
0.2859,0.343377668
0.286,0.343584148
0.2861,0.343790792
0.2862,0.343997602
0.2863,0.344204576
0.2864,0.344411717
0.2865,0.344619023
0.2866,0.344826495
0.2867,0.345034133
0.2868,0.345241938
0.2869,0.34544991
0.287,0.345658049
0.2871,0.345866356
0.2872,0.346074829
0.2873,0.346283471
0.2874,0.34649228
0.2875,0.346701258
0.2876,0.346910405
0.2877,0.34711972
0.2878,0.347329204
0.2879,0.347538858
0.288,0.347748681
0.2881,0.347958674
0.2882,0.348168837
0.2883,0.34837917
0.2884,0.348589674
0.2885,0.348800348
0.2886,0.349011194
0.2887,0.349222211
0.2888,0.3494334
0.2889,0.34964476
0.289,0.349856292
0.2891,0.350067997
0.2892,0.350279874
0.2893,0.350491925
0.2894,0.350704148
0.2895,0.350916545
0.2896,0.351129115
0.2897,0.351341859
0.2898,0.351554778
0.2899,0.35176787
0.29,0.351981138
0.2901,0.35219458
0.2902,0.352408198
0.2903,0.352621991
0.2904,0.352835959
0.2905,0.353050104
0.2906,0.353264425
0.2907,0.353478922
0.2908,0.353693596
0.2909,0.353908448
0.291,0.354123476
0.2911,0.354338682
0.2912,0.354554066
0.2913,0.354769628
0.2914,0.354985369
0.2915,0.355201288
0.2916,0.355417386
0.2917,0.355633663
0.2918,0.355850119
0.2919,0.356066755
0.292,0.356283572
0.2921,0.356500568
0.2922,0.356717745
0.2923,0.356935103
0.2924,0.357152642
0.2925,0.357370362
0.2926,0.357588264
0.2927,0.357806348
0.2928,0.358024613
0.2929,0.358243062
0.293,0.358461693
0.2931,0.358680507
0.2932,0.358899504
0.2933,0.359118685
0.2934,0.35933805
0.2935,0.359557598
0.2936,0.359777332
0.2937,0.359997249
0.2938,0.360217352
0.2939,0.36043764
0.294,0.360658114
0.2941,0.360878773
0.2942,0.361099618
0.2943,0.36132065
0.2944,0.361541868
0.2945,0.361763274
0.2946,0.361984866
0.2947,0.362206646
0.2948,0.362428614
0.2949,0.36265077
0.295,0.362873114
0.2951,0.363095646
0.2952,0.363318368
0.2953,0.363541279
0.2954,0.363764379
0.2955,0.363987669
0.2956,0.36421115
0.2957,0.36443482
0.2958,0.364658681
0.2959,0.364882734
0.296,0.365106977
0.2961,0.365331412
0.2962,0.365556039
0.2963,0.365780858
0.2964,0.366005869
0.2965,0.366231073
0.2966,0.36645647
0.2967,0.36668206
0.2968,0.366907844
0.2969,0.367133822
0.297,0.367359994
0.2971,0.36758636
0.2972,0.367812922
0.2973,0.368039678
0.2974,0.36826663
0.2975,0.368493777
0.2976,0.36872112
0.2977,0.36894866
0.2978,0.369176396
0.2979,0.36940433
0.298,0.36963246
0.2981,0.369860788
0.2982,0.370089313
0.2983,0.370318037
0.2984,0.370546959
0.2985,0.37077608
0.2986,0.3710054
0.2987,0.37123492
0.2988,0.371464639
0.2989,0.371694557
0.299,0.371924677
0.2991,0.372154996
0.2992,0.372385517
0.2993,0.372616239
0.2994,0.372847162
0.2995,0.373078287
0.2996,0.373309614
0.2997,0.373541144
0.2998,0.373772877
0.2999,0.374004812
0.3,0.374236951
0.3001,0.374469294
0.3002,0.374701841
0.3003,0.374934592
0.3004,0.375167547
0.3005,0.375400708
0.3006,0.375634074
0.3007,0.375867645
0.3008,0.376101423
0.3009,0.376335407
0.301,0.376569597
0.3011,0.376803994
0.3012,0.377038599
0.3013,0.377273411
0.3014,0.377508431
0.3015,0.377743659
0.3016,0.377979096
0.3017,0.378214741
0.3018,0.378450596
0.3019,0.37868666
0.302,0.378922934
0.3021,0.379159418
0.3022,0.379396113
0.3023,0.379633018
0.3024,0.379870135
0.3025,0.380107463
0.3026,0.380345003
0.3027,0.380582755
0.3028,0.38082072
0.3029,0.381058897
0.303,0.381297288
0.3031,0.381535892
0.3032,0.38177471
0.3033,0.382013742
0.3034,0.382252989
0.3035,0.38249245
0.3036,0.382732127
0.3037,0.382972019
0.3038,0.383212127
0.3039,0.383452451
0.304,0.383692991
0.3041,0.383933749
0.3042,0.384174724
0.3043,0.384415916
0.3044,0.384657326
0.3045,0.384898955
0.3046,0.385140802
0.3047,0.385382868
0.3048,0.385625154
0.3049,0.385867659
0.305,0.386110384
0.3051,0.386353329
0.3052,0.386596495
0.3053,0.386839882
0.3054,0.387083491
0.3055,0.387327321
0.3056,0.387571373
0.3057,0.387815648
0.3058,0.388060146
0.3059,0.388304866
0.306,0.388549811
0.3061,0.388794979
0.3062,0.389040371
0.3063,0.389285988
0.3064,0.38953183
0.3065,0.389777897
0.3066,0.39002419
0.3067,0.390270709
0.3068,0.390517455
0.3069,0.390764427
0.307,0.391011626
0.3071,0.391259053
0.3072,0.391506707
0.3073,0.39175459
0.3074,0.392002701
0.3075,0.392251041
0.3076,0.392499611
0.3077,0.39274841
0.3078,0.39299744
0.3079,0.393246699
0.308,0.39349619
0.3081,0.393745911
0.3082,0.393995865
0.3083,0.39424605
0.3084,0.394496467
0.3085,0.394747117
0.3086,0.394998
0.3087,0.395249117
0.3088,0.395500467
0.3089,0.395752051
0.309,0.39600387
0.3091,0.396255924
0.3092,0.396508213
0.3093,0.396760738
0.3094,0.397013499
0.3095,0.397266496
0.3096,0.39751973
0.3097,0.397773201
0.3098,0.39802691
0.3099,0.398280857
0.31,0.398535042
0.3101,0.398789466
0.3102,0.399044129
0.3103,0.399299032
0.3104,0.399554175
0.3105,0.399809557
0.3106,0.400065181
0.3107,0.400321046
0.3108,0.400577152
0.3109,0.4008335
0.311,0.40109009
0.3111,0.401346923
0.3112,0.401603999
0.3113,0.401861318
0.3114,0.402118881
0.3115,0.402376689
0.3116,0.402634741
0.3117,0.402893038
0.3118,0.403151581
0.3119,0.403410369
0.312,0.403669404
0.3121,0.403928686
0.3122,0.404188214
0.3123,0.40444799
0.3124,0.404708014
0.3125,0.404968286
0.3126,0.405228807
0.3127,0.405489577
0.3128,0.405750596
0.3129,0.406011865
0.313,0.406273385
0.3131,0.406535155
0.3132,0.406797177
0.3133,0.40705945
0.3134,0.407321975
0.3135,0.407584752
0.3136,0.407847783
0.3137,0.408111066
0.3138,0.408374603
0.3139,0.408638395
0.314,0.40890244
0.3141,0.409166741
0.3142,0.409431297
0.3143,0.409696109
0.3144,0.409961177
0.3145,0.410226501
0.3146,0.410492082
0.3147,0.410757921
0.3148,0.411024018
0.3149,0.411290373
0.315,0.411556987
0.3151,0.41182386
0.3152,0.412090993
0.3153,0.412358386
0.3154,0.412626039
0.3155,0.412893953
0.3156,0.413162128
0.3157,0.413430565
0.3158,0.413699265
0.3159,0.413968226
0.316,0.414237452
0.3161,0.41450694
0.3162,0.414776693
0.3163,0.415046709
0.3164,0.415316991
0.3165,0.415587538
0.3166,0.415858351
0.3167,0.41612943
0.3168,0.416400775
0.3169,0.416672388
0.317,0.416944268
0.3171,0.417216416
0.3172,0.417488833
0.3173,0.417761518
0.3174,0.418034473
0.3175,0.418307697
0.3176,0.418581192
0.3177,0.418854957
0.3178,0.419128994
0.3179,0.419403302
0.318,0.419677882
0.3181,0.419952734
0.3182,0.42022786
0.3183,0.420503259
0.3184,0.420778932
0.3185,0.421054879
0.3186,0.421331101
0.3187,0.421607598
0.3188,0.421884371
0.3189,0.42216142
0.319,0.422438746
0.3191,0.422716349
0.3192,0.42299423
0.3193,0.423272389
0.3194,0.423550826
0.3195,0.423829543
0.3196,0.424108538
0.3197,0.424387814
0.3198,0.424667371
0.3199,0.424947208
0.32,0.425227326
0.3201,0.425507727
0.3202,0.42578841
0.3203,0.426069376
0.3204,0.426350625
0.3205,0.426632158
0.3206,0.426913975
0.3207,0.427196077
0.3208,0.427478464
0.3209,0.427761137
0.321,0.428044096
0.3211,0.428327342
0.3212,0.428610876
0.3213,0.428894696
0.3214,0.429178806
0.3215,0.429463204
0.3216,0.429747891
0.3217,0.430032867
0.3218,0.430318134
0.3219,0.430603692
0.322,0.430889541
0.3221,0.431175682
0.3222,0.431462114
0.3223,0.43174884
0.3224,0.432035859
0.3225,0.432323171
0.3226,0.432610778
0.3227,0.432898679
0.3228,0.433186876
0.3229,0.433475368
0.323,0.433764157
0.3231,0.434053242
0.3232,0.434342625
0.3233,0.434632305
0.3234,0.434922284
0.3235,0.435212561
0.3236,0.435503138
0.3237,0.435794015
0.3238,0.436085192
0.3239,0.43637667
0.324,0.43666845
0.3241,0.436960531
0.3242,0.437252915
0.3243,0.437545602
0.3244,0.437838593
0.3245,0.438131887
0.3246,0.438425487
0.3247,0.438719391
0.3248,0.439013601
0.3249,0.439308117
0.325,0.43960294
0.3251,0.43989807
0.3252,0.440193508
0.3253,0.440489254
0.3254,0.440785309
0.3255,0.441081674
0.3256,0.441378348
0.3257,0.441675333
0.3258,0.441972629
0.3259,0.442270237
0.326,0.442568157
0.3261,0.442866389
0.3262,0.443164935
0.3263,0.443463794
0.3264,0.443762968
0.3265,0.444062456
0.3266,0.444362261
0.3267,0.444662381
0.3268,0.444962817
0.3269,0.445263571
0.327,0.445564643
0.3271,0.445866032
0.3272,0.446167741
0.3273,0.446469769
0.3274,0.446772116
0.3275,0.447074785
0.3276,0.447377774
0.3277,0.447681085
0.3278,0.447984718
0.3279,0.448288674
0.328,0.448592953
0.3281,0.448897556
0.3282,0.449202484
0.3283,0.449507737
0.3284,0.449813315
0.3285,0.450119219
0.3286,0.450425451
0.3287,0.45073201
0.3288,0.451038896
0.3289,0.451346112
0.329,0.451653656
0.3291,0.45196153
0.3292,0.452269735
0.3293,0.45257827
0.3294,0.452887137
0.3295,0.453196336
0.3296,0.453505867
0.3297,0.453815732
0.3298,0.454125931
0.3299,0.454436464
0.33,0.454747332
0.3301,0.455058536
0.3302,0.455370077
0.3303,0.455681954
0.3304,0.455994168
0.3305,0.456306721
0.3306,0.456619613
0.3307,0.456932843
0.3308,0.457246414
0.3309,0.457560325
0.331,0.457874578
0.3311,0.458189172
0.3312,0.458504108
0.3313,0.458819388
0.3314,0.459135011
0.3315,0.459450978
0.3316,0.45976729
0.3317,0.460083948
0.3318,0.460400952
0.3319,0.460718302
0.332,0.461036
0.3321,0.461354046
0.3322,0.46167244
0.3323,0.461991184
0.3324,0.462310278
0.3325,0.462629722
0.3326,0.462949517
0.3327,0.463269664
0.3328,0.463590164
0.3329,0.463911017
0.333,0.464232223
0.3331,0.464553784
0.3332,0.4648757
0.3333,0.465197971
0.3334,0.465520599
0.3335,0.465843584
0.3336,0.466166927
0.3337,0.466490627
0.3338,0.466814687
0.3339,0.467139106
0.334,0.467463886
0.3341,0.467789026
0.3342,0.468114528
0.3343,0.468440393
0.3344,0.46876662
0.3345,0.46909321
0.3346,0.469420165
0.3347,0.469747485
0.3348,0.470075171
0.3349,0.470403223
0.335,0.470731641
0.3351,0.471060428
0.3352,0.471389582
0.3353,0.471719106
0.3354,0.472048999
0.3355,0.472379262
0.3356,0.472709897
0.3357,0.473040903
0.3358,0.473372282
0.3359,0.473704034
0.336,0.474036159
0.3361,0.474368659
0.3362,0.474701534
0.3363,0.475034785
0.3364,0.475368413
0.3365,0.475702418
0.3366,0.476036801
0.3367,0.476371562
0.3368,0.476706703
0.3369,0.477042224
0.337,0.477378126
0.3371,0.477714409
0.3372,0.478051074
0.3373,0.478388123
0.3374,0.478725555
0.3375,0.479063371
0.3376,0.479401573
0.3377,0.47974016
0.3378,0.480079133
0.3379,0.480418494
0.338,0.480758243
0.3381,0.481098381
0.3382,0.481438908
0.3383,0.481779825
0.3384,0.482121134
0.3385,0.482462833
0.3386,0.482804925
0.3387,0.483147411
0.3388,0.48349029
0.3389,0.483833563
0.339,0.484177232
0.3391,0.484521297
0.3392,0.484865759
0.3393,0.485210619
0.3394,0.485555877
0.3395,0.485901534
0.3396,0.48624759
0.3397,0.486594048
0.3398,0.486940906
0.3399,0.487288167
0.34,0.487635831
0.3401,0.487983898
0.3402,0.48833237
0.3403,0.488681247
0.3404,0.489030529
0.3405,0.489380219
0.3406,0.489730316
0.3407,0.490080821
0.3408,0.490431736
0.3409,0.49078306
0.341,0.491134795
0.3411,0.491486941
0.3412,0.4918395
0.3413,0.492192471
0.3414,0.492545856
0.3415,0.492899656
0.3416,0.493253871
0.3417,0.493608502
0.3418,0.49396355
0.3419,0.494319016
0.342,0.4946749
0.3421,0.495031204
0.3422,0.495387928
0.3423,0.495745073
0.3424,0.49610264
0.3425,0.496460629
0.3426,0.496819042
0.3427,0.497177879
0.3428,0.49753714
0.3429,0.497896828
0.343,0.498256943
0.3431,0.498617485
0.3432,0.498978455
0.3433,0.499339854
0.3434,0.499701684
0.3435,0.500063944
0.3436,0.500426636
0.3437,0.50078976
0.3438,0.501153318
0.3439,0.50151731
0.344,0.501881737
0.3441,0.5022466
0.3442,0.502611899
0.3443,0.502977636
0.3444,0.503343812
0.3445,0.503710427
0.3446,0.504077482
0.3447,0.504444978
0.3448,0.504812915
0.3449,0.505181296
0.345,0.50555012
0.3451,0.505919388
0.3452,0.506289102
0.3453,0.506659262
0.3454,0.507029869
0.3455,0.507400924
0.3456,0.507772428
0.3457,0.508144382
0.3458,0.508516786
0.3459,0.508889642
0.346,0.50926295
0.3461,0.509636711
0.3462,0.510010926
0.3463,0.510385597
0.3464,0.510760723
0.3465,0.511136306
0.3466,0.511512347
0.3467,0.511888847
0.3468,0.512265806
0.3469,0.512643225
0.347,0.513021106
0.3471,0.51339945
0.3472,0.513778256
0.3473,0.514157527
0.3474,0.514537262
0.3475,0.514917464
0.3476,0.515298132
0.3477,0.515679269
0.3478,0.516060874
0.3479,0.516442948
0.348,0.516825494
0.3481,0.517208511
0.3482,0.517592
0.3483,0.517975963
0.3484,0.5183604
0.3485,0.518745313
0.3486,0.519130702
0.3487,0.519516568
0.3488,0.519902912
0.3489,0.520289736
0.349,0.520677039
0.3491,0.521064824
0.3492,0.521453091
0.3493,0.52184184
0.3494,0.522231074
0.3495,0.522620793
0.3496,0.523010997
0.3497,0.523401689
0.3498,0.523792868
0.3499,0.524184537
0.35,0.524576695
0.3501,0.524969344
0.3502,0.525362485
0.3503,0.525756118
0.3504,0.526150246
0.3505,0.526544868
0.3506,0.526939986
0.3507,0.527335601
0.3508,0.527731714
0.3509,0.528128326
0.351,0.528525438
0.3511,0.52892305
0.3512,0.529321165
0.3513,0.529719782
0.3514,0.530118903
0.3515,0.53051853
0.3516,0.530918662
0.3517,0.531319301
0.3518,0.531720449
0.3519,0.532122105
0.352,0.532524272
0.3521,0.53292695
0.3522,0.53333014
0.3523,0.533733843
0.3524,0.534138061
0.3525,0.534542794
0.3526,0.534948044
0.3527,0.535353811
0.3528,0.535760097
0.3529,0.536166902
0.353,0.536574228
0.3531,0.536982076
0.3532,0.537390447
0.3533,0.537799342
0.3534,0.538208761
0.3535,0.538618707
0.3536,0.53902918
0.3537,0.539440182
0.3538,0.539851712
0.3539,0.540263773
0.354,0.540676366
0.3541,0.541089492
0.3542,0.541503151
0.3543,0.541917345
0.3544,0.542332075
0.3545,0.542747342
0.3546,0.543163147
0.3547,0.543579492
0.3548,0.543996377
0.3549,0.544413804
0.355,0.544831774
0.3551,0.545250287
0.3552,0.545669346
0.3553,0.54608895
0.3554,0.546509102
0.3555,0.546929802
0.3556,0.547351052
0.3557,0.547772852
0.3558,0.548195205
0.3559,0.54861811
0.356,0.549041569
0.3561,0.549465584
0.3562,0.549890156
0.3563,0.550315285
0.3564,0.550740973
0.3565,0.551167221
0.3566,0.55159403
0.3567,0.552021402
0.3568,0.552449337
0.3569,0.552877837
0.357,0.553306903
0.3571,0.553736536
0.3572,0.554166738
0.3573,0.554597509
0.3574,0.555028851
0.3575,0.555460764
0.3576,0.555893251
0.3577,0.556326313
0.3578,0.55675995
0.3579,0.557194164
0.358,0.557628956
0.3581,0.558064327
0.3582,0.558500279
0.3583,0.558936813
0.3584,0.55937393
0.3585,0.559811631
0.3586,0.560249918
0.3587,0.560688791
0.3588,0.561128252
0.3589,0.561568303
0.359,0.562008944
0.3591,0.562450177
0.3592,0.562892003
0.3593,0.563334424
0.3594,0.56377744
0.3595,0.564221053
0.3596,0.564665264
0.3597,0.565110075
0.3598,0.565555487
0.3599,0.5660015
0.36,0.566448117
0.3601,0.566895339
0.3602,0.567343167
0.3603,0.567791602
0.3604,0.568240645
0.3605,0.568690299
0.3606,0.569140563
0.3607,0.569591441
0.3608,0.570042932
0.3609,0.570495038
0.361,0.570947761
0.3611,0.571401102
0.3612,0.571855062
0.3613,0.572309643
0.3614,0.572764846
0.3615,0.573220672
0.3616,0.573677123
0.3617,0.574134199
0.3618,0.574591903
0.3619,0.575050236
0.362,0.575509199
0.3621,0.575968794
0.3622,0.576429021
0.3623,0.576889883
0.3624,0.57735138
0.3625,0.577813515
0.3626,0.578276288
0.3627,0.578739701
0.3628,0.579203755
0.3629,0.579668452
0.363,0.580133793
0.3631,0.580599779
0.3632,0.581066413
0.3633,0.581533694
0.3634,0.582001626
0.3635,0.582470209
0.3636,0.582939445
0.3637,0.583409334
0.3638,0.58387988
0.3639,0.584351082
0.364,0.584822943
0.3641,0.585295464
0.3642,0.585768646
0.3643,0.586242491
0.3644,0.586717001
0.3645,0.587192176
0.3646,0.587668019
0.3647,0.588144531
0.3648,0.588621713
0.3649,0.589099566
0.365,0.589578093
0.3651,0.590057295
0.3652,0.590537174
0.3653,0.59101773
0.3654,0.591498965
0.3655,0.591980881
0.3656,0.59246348
0.3657,0.592946763
0.3658,0.593430731
0.3659,0.593915386
0.366,0.59440073
0.3661,0.594886764
0.3662,0.595373489
0.3663,0.595860908
0.3664,0.596349022
0.3665,0.596837832
0.3666,0.59732734
0.3667,0.597817547
0.3668,0.598308456
0.3669,0.598800067
0.367,0.599292383
0.3671,0.599785404
0.3672,0.600279133
0.3673,0.600773571
0.3674,0.60126872
0.3675,0.601764581
0.3676,0.602261156
0.3677,0.602758447
0.3678,0.603256455
0.3679,0.603755182
0.368,0.604254629
0.3681,0.604754798
0.3682,0.605255691
0.3683,0.60575731
0.3684,0.606259656
0.3685,0.60676273
0.3686,0.607266535
0.3687,0.607771072
0.3688,0.608276343
0.3689,0.60878235
0.369,0.609289093
0.3691,0.609796576
0.3692,0.610304799
0.3693,0.610813764
0.3694,0.611323474
0.3695,0.611833929
0.3696,0.612345131
0.3697,0.612857083
0.3698,0.613369786
0.3699,0.613883241
0.37,0.614397451
0.3701,0.614912417
0.3702,0.61542814
0.3703,0.615944624
0.3704,0.616461869
0.3705,0.616979877
0.3706,0.61749865
0.3707,0.61801819
0.3708,0.618538498
0.3709,0.619059577
0.371,0.619581428
0.3711,0.620104053
0.3712,0.620627453
0.3713,0.621151632
0.3714,0.621676589
0.3715,0.622202328
0.3716,0.62272885
0.3717,0.623256157
0.3718,0.62378425
0.3719,0.624313133
0.372,0.624842805
0.3721,0.62537327
0.3722,0.625904529
0.3723,0.626436585
0.3724,0.626969438
0.3725,0.627503091
0.3726,0.628037545
0.3727,0.628572804
0.3728,0.629108868
0.3729,0.629645739
0.373,0.630183419
0.3731,0.630721911
0.3732,0.631261216
0.3733,0.631801337
0.3734,0.632342274
0.3735,0.63288403
0.3736,0.633426607
0.3737,0.633970007
0.3738,0.634514232
0.3739,0.635059284
0.374,0.635605165
0.3741,0.636151877
0.3742,0.636699421
0.3743,0.6372478
0.3744,0.637797016
0.3745,0.638347071
0.3746,0.638897966
0.3747,0.639449705
0.3748,0.640002288
0.3749,0.640555718
0.375,0.641109997
0.3751,0.641665128
0.3752,0.642221111
0.3753,0.642777949
0.3754,0.643335645
0.3755,0.643894199
0.3756,0.644453615
0.3757,0.645013895
0.3758,0.64557504
0.3759,0.646137052
0.376,0.646699935
0.3761,0.647263689
0.3762,0.647828317
0.3763,0.648393821
0.3764,0.648960204
0.3765,0.649527466
0.3766,0.650095612
0.3767,0.650664641
0.3768,0.651234558
0.3769,0.651805364
0.377,0.652377061
0.3771,0.652949651
0.3772,0.653523137
0.3773,0.65409752
0.3774,0.654672804
0.3775,0.655248989
0.3776,0.655826079
0.3777,0.656404076
0.3778,0.656982981
0.3779,0.657562798
0.378,0.658143528
0.3781,0.658725173
0.3782,0.659307736
0.3783,0.65989122
0.3784,0.660475625
0.3785,0.661060956
0.3786,0.661647213
0.3787,0.6622344
0.3788,0.662822518
0.3789,0.66341157
0.379,0.664001558
0.3791,0.664592485
0.3792,0.665184353
0.3793,0.665777164
0.3794,0.666370921
0.3795,0.666965625
0.3796,0.66756128
0.3797,0.668157887
0.3798,0.66875545
0.3799,0.66935397
0.38,0.66995345
0.3801,0.670553892
0.3802,0.671155299
0.3803,0.671757673
0.3804,0.672361017
0.3805,0.672965333
0.3806,0.673570623
0.3807,0.67417689
0.3808,0.674784136
0.3809,0.675392364
0.381,0.676001577
0.3811,0.676611776
0.3812,0.677222965
0.3813,0.677835145
0.3814,0.67844832
0.3815,0.679062492
0.3816,0.679677663
0.3817,0.680293837
0.3818,0.680911014
0.3819,0.681529199
0.382,0.682148393
0.3821,0.6827686
0.3822,0.683389821
0.3823,0.68401206
0.3824,0.684635319
0.3825,0.6852596
0.3826,0.685884907
0.3827,0.686511241
0.3828,0.687138606
0.3829,0.687767004
0.383,0.688396438
0.3831,0.68902691
0.3832,0.689658424
0.3833,0.690290981
0.3834,0.690924585
0.3835,0.691559238
0.3836,0.692194943
0.3837,0.692831703
0.3838,0.69346952
0.3839,0.694108397
0.384,0.694748337
0.3841,0.695389342
0.3842,0.696031416
0.3843,0.696674562
0.3844,0.697318781
0.3845,0.697964077
0.3846,0.698610452
0.3847,0.69925791
0.3848,0.699906453
0.3849,0.700556084
0.385,0.701206806
0.3851,0.701858622
0.3852,0.702511535
0.3853,0.703165547
0.3854,0.703820661
0.3855,0.704476881
0.3856,0.705134208
0.3857,0.705792647
0.3858,0.7064522
0.3859,0.70711287
0.386,0.70777466
0.3861,0.708437572
0.3862,0.709101611
0.3863,0.709766778
0.3864,0.710433077
0.3865,0.711100511
0.3866,0.711769083
0.3867,0.712438795
0.3868,0.713109652
0.3869,0.713781655
0.387,0.714454808
0.3871,0.715129115
0.3872,0.715804577
0.3873,0.716481199
0.3874,0.717158982
0.3875,0.717837932
0.3876,0.718518049
0.3877,0.719199339
0.3878,0.719881803
0.3879,0.720565445
0.388,0.721250268
0.3881,0.721936275
0.3882,0.72262347
0.3883,0.723311856
0.3884,0.724001435
0.3885,0.724692211
0.3886,0.725384188
0.3887,0.726077368
0.3888,0.726771755
0.3889,0.727467352
0.389,0.728164163
0.3891,0.72886219
0.3892,0.729561437
0.3893,0.730261907
0.3894,0.730963604
0.3895,0.731666531
0.3896,0.732370691
0.3897,0.733076088
0.3898,0.733782724
0.3899,0.734490604
0.39,0.735199731
0.3901,0.735910108
0.3902,0.736621739
0.3903,0.737334626
0.3904,0.738048774
0.3905,0.738764187
0.3906,0.739480866
0.3907,0.740198817
0.3908,0.740918042
0.3909,0.741638544
0.391,0.742360329
0.3911,0.743083398
0.3912,0.743807756
0.3913,0.744533406
0.3914,0.745260352
0.3915,0.745988596
0.3916,0.746718144
0.3917,0.747448999
0.3918,0.748181163
0.3919,0.748914641
0.392,0.749649437
0.3921,0.750385554
0.3922,0.751122995
0.3923,0.751861765
0.3924,0.752601867
0.3925,0.753343306
0.3926,0.754086083
0.3927,0.754830205
0.3928,0.755575673
0.3929,0.756322492
0.393,0.757070666
0.3931,0.757820199
0.3932,0.758571094
0.3933,0.759323355
0.3934,0.760076987
0.3935,0.760831992
0.3936,0.761588375
0.3937,0.76234614
0.3938,0.763105291
0.3939,0.763865831
0.394,0.764627764
0.3941,0.765391095
0.3942,0.766155828
0.3943,0.766921965
0.3944,0.767689513
0.3945,0.768458473
0.3946,0.769228851
0.3947,0.770000651
0.3948,0.770773876
0.3949,0.771548531
0.395,0.77232462
0.3951,0.773102146
0.3952,0.773881114
0.3953,0.774661529
0.3954,0.775443394
0.3955,0.776226713
0.3956,0.777011491
0.3957,0.777797731
0.3958,0.778585439
0.3959,0.779374618
0.396,0.780165272
0.3961,0.780957406
0.3962,0.781751025
0.3963,0.782546131
0.3964,0.783342731
0.3965,0.784140827
0.3966,0.784940425
0.3967,0.785741528
0.3968,0.786544142
0.3969,0.78734827
0.397,0.788153918
0.3971,0.788961088
0.3972,0.789769786
0.3973,0.790580017
0.3974,0.791391785
0.3975,0.792205094
0.3976,0.793019948
0.3977,0.793836353
0.3978,0.794654313
0.3979,0.795473833
0.398,0.796294916
0.3981,0.797117568
0.3982,0.797941794
0.3983,0.798767598
0.3984,0.799594984
0.3985,0.800423957
0.3986,0.801254523
0.3987,0.802086685
0.3988,0.802920449
0.3989,0.80375582
0.399,0.804592801
0.3991,0.805431398
0.3992,0.806271616
0.3993,0.807113459
0.3994,0.807956933
0.3995,0.808802041
0.3996,0.80964879
0.3997,0.810497184
0.3998,0.811347228
0.3999,0.812198927
0.4,0.813052286
0.4001,0.813907309
0.4002,0.814764003
0.4003,0.815622371
0.4004,0.81648242
0.4005,0.817344153
0.4006,0.818207577
0.4007,0.819072696
0.4008,0.819939515
0.4009,0.82080804
0.401,0.821678276
0.4011,0.822550227
0.4012,0.8234239
0.4013,0.824299299
0.4014,0.825176429
0.4015,0.826055297
0.4016,0.826935907
0.4017,0.827818264
0.4018,0.828702374
0.4019,0.829588243
0.402,0.830475875
0.4021,0.831365276
0.4022,0.832256452
0.4023,0.833149408
0.4024,0.834044149
0.4025,0.834940681
0.4026,0.835839009
0.4027,0.83673914
0.4028,0.837641078
0.4029,0.838544829
0.403,0.839450399
0.4031,0.840357793
0.4032,0.841267018
0.4033,0.842178078
0.4034,0.84309098
0.4035,0.844005729
0.4036,0.84492233
0.4037,0.845840791
0.4038,0.846761116
0.4039,0.847683312
0.404,0.848607383
0.4041,0.849533337
0.4042,0.850461179
0.4043,0.851390915
0.4044,0.852322551
0.4045,0.853256092
0.4046,0.854191545
0.4047,0.855128917
0.4048,0.856068212
0.4049,0.857009437
0.405,0.857952598
0.4051,0.858897702
0.4052,0.859844754
0.4053,0.86079376
0.4054,0.861744728
0.4055,0.862697662
0.4056,0.86365257
0.4057,0.864609457
0.4058,0.86556833
0.4059,0.866529195
0.406,0.867492059
0.4061,0.868456927
0.4062,0.869423807
0.4063,0.870392705
0.4064,0.871363627
0.4065,0.87233658
0.4066,0.873311571
0.4067,0.874288605
0.4068,0.87526769
0.4069,0.876248832
0.407,0.877232037
0.4071,0.878217313
0.4072,0.879204666
0.4073,0.880194103
0.4074,0.881185631
0.4075,0.882179256
0.4076,0.883174985
0.4077,0.884172825
0.4078,0.885172783
0.4079,0.886174866
0.408,0.88717908
0.4081,0.888185434
0.4082,0.889193933
0.4083,0.890204585
0.4084,0.891217397
0.4085,0.892232375
0.4086,0.893249528
0.4087,0.894268862
0.4088,0.895290384
0.4089,0.896314101
0.409,0.897340022
0.4091,0.898368153
0.4092,0.899398501
0.4093,0.900431073
0.4094,0.901465878
0.4095,0.902502923
0.4096,0.903542214
0.4097,0.90458376
0.4098,0.905627568
0.4099,0.906673645
0.41,0.907721999
0.4101,0.908772638
0.4102,0.90982557
0.4103,0.910880801
0.4104,0.91193834
0.4105,0.912998194
0.4106,0.914060372
0.4107,0.91512488
0.4108,0.916191728
0.4109,0.917260922
0.411,0.91833247
0.4111,0.919406382
0.4112,0.920482664
0.4113,0.921561325
0.4114,0.922642372
0.4115,0.923725814
0.4116,0.924811659
0.4117,0.925899915
0.4118,0.926990591
0.4119,0.928083693
0.412,0.929179232
0.4121,0.930277215
0.4122,0.931377651
0.4123,0.932480547
0.4124,0.933585913
0.4125,0.934693756
0.4126,0.935804086
0.4127,0.936916911
0.4128,0.938032239
0.4129,0.939150079
0.413,0.94027044
0.4131,0.941393331
0.4132,0.942518759
0.4133,0.943646735
0.4134,0.944777267
0.4135,0.945910363
0.4136,0.947046033
0.4137,0.948184285
0.4138,0.949325129
0.4139,0.950468574
0.414,0.951614628
0.4141,0.952763302
0.4142,0.953914603
0.4143,0.955068541
0.4144,0.956225126
0.4145,0.957384366
0.4146,0.958546272
0.4147,0.959710852
0.4148,0.960878116
0.4149,0.962048073
0.415,0.963220733
0.4151,0.964396106
0.4152,0.9655742
0.4153,0.966755027
0.4154,0.967938594
0.4155,0.969124913
0.4156,0.970313992
0.4157,0.971505842
0.4158,0.972700473
0.4159,0.973897895
0.416,0.975098116
0.4161,0.976301149
0.4162,0.977507002
0.4163,0.978715685
0.4164,0.97992721
0.4165,0.981141585
0.4166,0.982358822
0.4167,0.983578931
0.4168,0.984801921
0.4169,0.986027804
0.417,0.98725659
0.4171,0.988488289
0.4172,0.989722913
0.4173,0.99096047
0.4174,0.992200973
0.4175,0.993444432
0.4176,0.994690858
0.4177,0.995940261
0.4178,0.997192653
0.4179,0.998448044
0.418,0.999706445
0.4181,1.000967868
0.4182,1.002232323
0.4183,1.003499822
0.4184,1.004770376
0.4185,1.006043995
0.4186,1.007320692
0.4187,1.008600478
0.4188,1.009883364
0.4189,1.011169361
0.419,1.012458482
0.4191,1.013750737
0.4192,1.015046139
0.4193,1.016344698
0.4194,1.017646428
0.4195,1.018951339
0.4196,1.020259444
0.4197,1.021570754
0.4198,1.022885282
0.4199,1.024203039
0.42,1.025524038
0.4201,1.026848291
0.4202,1.02817581
0.4203,1.029506607
0.4204,1.030840695
0.4205,1.032178086
0.4206,1.033518792
0.4207,1.034862827
0.4208,1.036210203
0.4209,1.037560932
0.421,1.038915028
0.4211,1.040272502
0.4212,1.041633368
0.4213,1.042997639
0.4214,1.044365328
0.4215,1.045736448
0.4216,1.047111012
0.4217,1.048489034
0.4218,1.049870525
0.4219,1.051255501
0.422,1.052643974
0.4221,1.054035957
0.4222,1.055431465
0.4223,1.056830511
0.4224,1.058233109
0.4225,1.059639271
0.4226,1.061049013
0.4227,1.062462348
0.4228,1.06387929
0.4229,1.065299853
0.423,1.066724052
0.4231,1.068151899
0.4232,1.06958341
0.4233,1.0710186
0.4234,1.072457481
0.4235,1.07390007
0.4236,1.07534638
0.4237,1.076796426
0.4238,1.078250223
0.4239,1.079707785
0.424,1.081169128
0.4241,1.082634267
0.4242,1.084103215
0.4243,1.08557599
0.4244,1.087052605
0.4245,1.088533076
0.4246,1.090017418
0.4247,1.091505647
0.4248,1.092997779
0.4249,1.094493828
0.425,1.095993811
0.4251,1.097497743
0.4252,1.099005641
0.4253,1.100517519
0.4254,1.102033395
0.4255,1.103553284
0.4256,1.105077202
0.4257,1.106605166
0.4258,1.108137192
0.4259,1.109673297
0.426,1.111213497
0.4261,1.112757808
0.4262,1.114306248
0.4263,1.115858833
0.4264,1.11741558
0.4265,1.118976506
0.4266,1.120541629
0.4267,1.122110964
0.4268,1.123684531
0.4269,1.125262345
0.427,1.126844425
0.4271,1.128430788
0.4272,1.130021452
0.4273,1.131616434
0.4274,1.133215753
0.4275,1.134819426
0.4276,1.136427471
0.4277,1.138039907
0.4278,1.139656751
0.4279,1.141278022
0.428,1.142903739
0.4281,1.14453392
0.4282,1.146168584
0.4283,1.147807749
0.4284,1.149451435
0.4285,1.15109966
0.4286,1.152752443
0.4287,1.154409804
0.4288,1.156071762
0.4289,1.157738337
0.429,1.159409547
0.4291,1.161085412
0.4292,1.162765953
0.4293,1.164451188
0.4294,1.166141139
0.4295,1.167835825
0.4296,1.169535266
0.4297,1.171239482
0.4298,1.172948495
0.4299,1.174662324
0.43,1.17638099
0.4301,1.178104513
0.4302,1.179832916
0.4303,1.181566219
0.4304,1.183304442
0.4305,1.185047608
0.4306,1.186795737
0.4307,1.188548851
0.4308,1.190306972
0.4309,1.192070121
0.431,1.193838321
0.4311,1.195611592
0.4312,1.197389958
0.4313,1.199173441
0.4314,1.200962063
0.4315,1.202755846
0.4316,1.204554814
0.4317,1.206358988
0.4318,1.208168392
0.4319,1.20998305
0.432,1.211802983
0.4321,1.213628216
0.4322,1.215458771
0.4323,1.217294673
0.4324,1.219135946
0.4325,1.220982612
0.4326,1.222834696
0.4327,1.224692223
0.4328,1.226555216
0.4329,1.2284237
0.433,1.2302977
0.4331,1.23217724
0.4332,1.234062346
0.4333,1.235953041
0.4334,1.237849352
0.4335,1.239751304
0.4336,1.241658922
0.4337,1.243572232
0.4338,1.24549126
0.4339,1.247416031
0.434,1.249346573
0.4341,1.25128291
0.4342,1.25322507
0.4343,1.255173079
0.4344,1.257126963
0.4345,1.259086751
0.4346,1.261052468
0.4347,1.263024143
0.4348,1.265001802
0.4349,1.266985473
0.435,1.268975184
0.4351,1.270970963
0.4352,1.272972837
0.4353,1.274980836
0.4354,1.276994988
0.4355,1.27901532
0.4356,1.281041863
0.4357,1.283074645
0.4358,1.285113695
0.4359,1.287159042
0.436,1.289210716
0.4361,1.291268748
0.4362,1.293333165
0.4363,1.295404
0.4364,1.297481282
0.4365,1.299565041
0.4366,1.301655308
0.4367,1.303752114
0.4368,1.30585549
0.4369,1.307965468
0.437,1.310082078
0.4371,1.312205353
0.4372,1.314335324
0.4373,1.316472023
0.4374,1.318615482
0.4375,1.320765735
0.4376,1.322922813
0.4377,1.325086749
0.4378,1.327257578
0.4379,1.329435331
0.438,1.331620042
0.4381,1.333811746
0.4382,1.336010476
0.4383,1.338216266
0.4384,1.34042915
0.4385,1.342649164
0.4386,1.344876342
0.4387,1.347110719
0.4388,1.349352331
0.4389,1.351601212
0.439,1.353857399
0.4391,1.356120928
0.4392,1.358391835
0.4393,1.360670157
0.4394,1.36295593
0.4395,1.36524919
0.4396,1.367549976
0.4397,1.369858325
0.4398,1.372174274
0.4399,1.374497862
0.44,1.376829126
0.4401,1.379168106
0.4402,1.381514839
0.4403,1.383869365
0.4404,1.386231722
0.4405,1.388601952
0.4406,1.390980092
0.4407,1.393366184
0.4408,1.395760267
0.4409,1.398162383
0.441,1.400572571
0.4411,1.402990874
0.4412,1.405417332
0.4413,1.407851987
0.4414,1.410294881
0.4415,1.412746057
0.4416,1.415205557
0.4417,1.417673423
0.4418,1.4201497
0.4419,1.42263443
0.442,1.425127657
0.4421,1.427629425
0.4422,1.430139779
0.4423,1.432658762
0.4424,1.435186421
0.4425,1.437722801
0.4426,1.440267946
0.4427,1.442821903
0.4428,1.445384718
0.4429,1.447956438
0.443,1.450537109
0.4431,1.453126779
0.4432,1.455725495
0.4433,1.458333305
0.4434,1.460950257
0.4435,1.463576401
0.4436,1.466211784
0.4437,1.468856456
0.4438,1.471510466
0.4439,1.474173866
0.444,1.476846704
0.4441,1.479529031
0.4442,1.482220899
0.4443,1.484922359
0.4444,1.487633462
0.4445,1.490354262
0.4446,1.493084809
0.4447,1.495825158
0.4448,1.498575362
0.4449,1.501335473
0.445,1.504105547
0.4451,1.506885637
0.4452,1.509675799
0.4453,1.512476088
0.4454,1.515286558
0.4455,1.518107268
0.4456,1.520938272
0.4457,1.523779628
0.4458,1.526631393
0.4459,1.529493625
0.446,1.532366382
0.4461,1.535249722
0.4462,1.538143705
0.4463,1.54104839
0.4464,1.543963837
0.4465,1.546890107
0.4466,1.549827259
0.4467,1.552775356
0.4468,1.555734459
0.4469,1.55870463
0.447,1.561685932
0.4471,1.564678428
0.4472,1.567682182
0.4473,1.570697257
0.4474,1.573723719
0.4475,1.576761633
0.4476,1.579811063
0.4477,1.582872077
0.4478,1.58594474
0.4479,1.58902912
0.448,1.592125284
0.4481,1.5952333
0.4482,1.598353238
0.4483,1.601485166
0.4484,1.604629154
0.4485,1.607785272
0.4486,1.610953592
0.4487,1.614134183
0.4488,1.617327119
0.4489,1.620532472
0.449,1.623750315
0.4491,1.626980721
0.4492,1.630223765
0.4493,1.633479522
0.4494,1.636748066
0.4495,1.640029474
0.4496,1.643323823
0.4497,1.646631189
0.4498,1.64995165
0.4499,1.653285286
0.45,1.656632174
0.4501,1.659992395
0.4502,1.663366028
0.4503,1.666753156
0.4504,1.670153859
0.4505,1.673568219
0.4506,1.676996321
0.4507,1.680438246
0.4508,1.68389408
0.4509,1.687363908
0.451,1.690847816
0.4511,1.694345888
0.4512,1.697858214
0.4513,1.70138488
0.4514,1.704925975
0.4515,1.708481589
0.4516,1.712051811
0.4517,1.715636732
0.4518,1.719236444
0.4519,1.722851038
0.452,1.726480609
0.4521,1.730125249
0.4522,1.733785053
0.4523,1.737460117
0.4524,1.741150537
0.4525,1.744856409
0.4526,1.748577832
0.4527,1.752314905
0.4528,1.756067726
0.4529,1.759836396
0.453,1.763621016
0.4531,1.767421689
0.4532,1.771238517
0.4533,1.775071604
0.4534,1.778921054
0.4535,1.782786973
0.4536,1.786669469
0.4537,1.790568647
0.4538,1.794484617
0.4539,1.798417487
0.454,1.802367369
0.4541,1.806334372
0.4542,1.81031861
0.4543,1.814320195
0.4544,1.818339242
0.4545,1.822375866
0.4546,1.826430182
0.4547,1.830502309
0.4548,1.834592363
0.4549,1.838700465
0.455,1.842826735
0.4551,1.846971295
0.4552,1.851134266
0.4553,1.855315772
0.4554,1.859515938
0.4555,1.86373489
0.4556,1.867972755
0.4557,1.87222966
0.4558,1.876505736
0.4559,1.880801112
0.456,1.88511592
0.4561,1.889450293
0.4562,1.893804365
0.4563,1.898178271
0.4564,1.902572147
0.4565,1.906986132
0.4566,1.911420364
0.4567,1.915874984
0.4568,1.920350133
0.4569,1.924845954
0.457,1.929362591
0.4571,1.933900191
0.4572,1.938458899
0.4573,1.943038864
0.4574,1.947640236
0.4575,1.952263166
0.4576,1.956907807
0.4577,1.961574312
0.4578,1.966262837
0.4579,1.970973539
0.458,1.975706576
0.4581,1.980462109
0.4582,1.985240298
0.4583,1.990041307
0.4584,1.9948653
0.4585,1.999712443
0.4586,2.004582904
0.4587,2.009476854
0.4588,2.014394461
0.4589,2.0193359
0.459,2.024301345
0.4591,2.029290971
0.4592,2.034304957
0.4593,2.039343482
0.4594,2.044406727
0.4595,2.049494876
0.4596,2.054608113
0.4597,2.059746626
0.4598,2.064910603
0.4599,2.070100234
0.46,2.075315711
0.4601,2.08055723
0.4602,2.085824987
0.4603,2.091119179
0.4604,2.096440007
0.4605,2.101787674
0.4606,2.107162383
0.4607,2.112564341
0.4608,2.117993757
0.4609,2.123450841
0.461,2.128935807
0.4611,2.134448868
0.4612,2.139990244
0.4613,2.145560152
0.4614,2.151158814
0.4615,2.156786456
0.4616,2.162443303
0.4617,2.168129584
0.4618,2.173845529
0.4619,2.179591374
0.462,2.185367353
0.4621,2.191173706
0.4622,2.197010673
0.4623,2.202878498
0.4624,2.208777427
0.4625,2.214707709
0.4626,2.220669596
0.4627,2.226663341
0.4628,2.232689202
0.4629,2.238747439
0.463,2.244838313
0.4631,2.250962091
0.4632,2.25711904
0.4633,2.263309431
0.4634,2.26953354
0.4635,2.275791642
0.4636,2.282084019
0.4637,2.288410953
0.4638,2.29477273
0.4639,2.301169641
0.464,2.307601978
0.4641,2.314070037
0.4642,2.320574117
0.4643,2.327114522
0.4644,2.333691557
0.4645,2.340305532
0.4646,2.34695676
0.4647,2.353645557
0.4648,2.360372244
0.4649,2.367137145
0.465,2.373940586
0.4651,2.3807829
0.4652,2.387664422
0.4653,2.39458549
0.4654,2.401546448
0.4655,2.408547642
0.4656,2.415589423
0.4657,2.422672146
0.4658,2.429796171
0.4659,2.43696186
0.466,2.444169582
0.4661,2.451419708
0.4662,2.458712614
0.4663,2.466048682
0.4664,2.473428297
0.4665,2.480851849
0.4666,2.488319733
0.4667,2.495832347
0.4668,2.503390097
0.4669,2.51099339
0.467,2.518642642
0.4671,2.526338272
0.4672,2.534080703
0.4673,2.541870364
0.4674,2.549707692
0.4675,2.557593124
0.4676,2.565527108
0.4677,2.573510094
0.4678,2.581542538
0.4679,2.589624903
0.468,2.597757657
0.4681,2.605941273
0.4682,2.614176232
0.4683,2.622463019
0.4684,2.630802126
0.4685,2.639194052
0.4686,2.647639301
0.4687,2.656138385
0.4688,2.664691821
0.4689,2.673300133
0.469,2.681963853
0.4691,2.690683518
0.4692,2.699459673
0.4693,2.708292871
0.4694,2.71718367
0.4695,2.726132638
0.4696,2.735140347
0.4697,2.744207381
0.4698,2.753334327
0.4699,2.762521784
0.47,2.771770356
0.4701,2.781080657
0.4702,2.790453308
0.4703,2.799888938
0.4704,2.809388187
0.4705,2.818951701
0.4706,2.828580135
0.4707,2.838274156
0.4708,2.848034436
0.4709,2.857861658
0.471,2.867756515
0.4711,2.87771971
0.4712,2.887751953
0.4713,2.897853968
0.4714,2.908026485
0.4715,2.918270246
0.4716,2.928586005
0.4717,2.938974525
0.4718,2.949436579
0.4719,2.959972954
0.472,2.970584444
0.4721,2.981271858
0.4722,2.992036014
0.4723,3.002877746
0.4724,3.013797894
0.4725,3.024797316
0.4726,3.035876878
0.4727,3.047037462
0.4728,3.058279961
0.4729,3.069605282
0.473,3.081014345
0.4731,3.092508084
0.4732,3.104087448
0.4733,3.115753397
0.4734,3.127506909
0.4735,3.139348975
0.4736,3.151280601
0.4737,3.163302809
0.4738,3.175416637
0.4739,3.187623136
0.474,3.199923376
0.4741,3.212318444
0.4742,3.224809442
0.4743,3.23739749
0.4744,3.250083724
0.4745,3.262869301
0.4746,3.275755393
0.4747,3.288743193
0.4748,3.301833911
0.4749,3.315028777
0.475,3.328329041
0.4751,3.341735973
0.4752,3.355250864
0.4753,3.368875024
0.4754,3.382609786
0.4755,3.396456505
0.4756,3.410416556
0.4757,3.42449134
0.4758,3.438682278
0.4759,3.452990816
0.476,3.467418425
0.4761,3.481966599
0.4762,3.496636857
0.4763,3.511430746
0.4764,3.526349836
0.4765,3.541395726
0.4766,3.556570042
0.4767,3.571874437
0.4768,3.587310594
0.4769,3.602880222
0.477,3.618585064
0.4771,3.634426891
0.4772,3.650407505
0.4773,3.666528741
0.4774,3.682792464
0.4775,3.699200576
0.4776,3.715755009
0.4777,3.732457732
0.4778,3.749310749
0.4779,3.766316101
0.478,3.783475864
0.4781,3.800792154
0.4782,3.818267125
0.4783,3.83590297
0.4784,3.853701924
0.4785,3.871666263
0.4786,3.889798306
0.4787,3.908100414
0.4788,3.926574994
0.4789,3.945224498
0.479,3.964051425
0.4791,3.983058323
0.4792,4.002247786
0.4793,4.02162246
0.4794,4.041185043
0.4795,4.060938285
0.4796,4.080884989
0.4797,4.101028015
0.4798,4.121370278
0.4799,4.141914752
0.48,4.16266447
0.4801,4.183622527
0.4802,4.204792078
0.4803,4.226176344
0.4804,4.247778613
0.4805,4.269602238
0.4806,4.291650642
0.4807,4.313927318
0.4808,4.336435835
0.4809,4.359179832
0.481,4.382163029
0.4811,4.405389222
0.4812,4.428862289
0.4813,4.452586191
0.4814,4.476564972
0.4815,4.500802766
0.4816,4.525303797
0.4817,4.55007238
0.4818,4.575112924
0.4819,4.600429938
0.482,4.626028029
0.4821,4.651911908
0.4822,4.678086392
0.4823,4.704556406
0.4824,4.731326988
0.4825,4.758403291
0.4826,4.785790585
0.4827,4.813494263
0.4828,4.841519844
0.4829,4.869872975
0.483,4.898559436
0.4831,4.927585145
0.4832,4.956956159
0.4833,4.986678682
0.4834,5.016759066
0.4835,5.047203818
0.4836,5.078019602
0.4837,5.109213249
0.4838,5.140791755
0.4839,5.172762291
0.484,5.205132209
0.4841,5.237909044
0.4842,5.271100521
0.4843,5.304714564
0.4844,5.3387593
0.4845,5.373243064
0.4846,5.408174409
0.4847,5.443562111
0.4848,5.479415177
0.4849,5.515742852
0.485,5.552554629
0.4851,5.589860255
0.4852,5.627669741
0.4853,5.665993369
0.4854,5.704841703
0.4855,5.7442256
0.4856,5.784156218
0.4857,5.824645025
0.4858,5.865703815
0.4859,5.907344715
0.486,5.949580199
0.4861,5.9924231
0.4862,6.035886622
0.4863,6.079984355
0.4864,6.12473029
0.4865,6.170138831
0.4866,6.216224812
0.4867,6.263003515
0.4868,6.310490682
0.4869,6.358702538
0.487,6.407655807
0.4871,6.457367731
0.4872,6.507856091
0.4873,6.559139228
0.4874,6.611236065
0.4875,6.664166131
0.4876,6.717949584
0.4877,6.77260724
0.4878,6.828160595
0.4879,6.884631856
0.488,6.94204397
0.4881,7.000420658
0.4882,7.059786442
0.4883,7.120166683
0.4884,7.181587618
0.4885,7.244076394
0.4886,7.307661114
0.4887,7.372370873
0.4888,7.438235805
0.4889,7.505287132
0.489,7.573557211
0.4891,7.643079584
0.4892,7.713889037
0.4893,7.786021658
0.4894,7.859514893
0.4895,7.934407619
0.4896,8.010740204
0.4897,8.088554587
0.4898,8.167894349
0.4899,8.2488048
0.49,8.331333059
0.4901,8.415528151
0.4902,8.501441102
0.4903,8.589125042
0.4904,8.678635313
0.4905,8.770029589
0.4906,8.863367999
0.4907,8.958713256
0.4908,9.056130801
0.4909,9.155688951
0.491,9.257459059
0.4911,9.361515687
0.4912,9.467936783
0.4913,9.576803881
0.4914,9.688202306
0.4915,9.8022214
0.4916,9.918954758
0.4917,10.03850049
0.4918,10.16096147
0.4919,10.2864457
0.492,10.41506653
0.4921,10.54694307
0.4922,10.68220055
0.4923,10.8209707
0.4924,10.96339216
0.4925,11.109611
0.4926,11.25978115
0.4927,11.41406501
0.4928,11.57263397
0.4929,11.7356691
0.493,11.90336181
0.4931,12.0759146
0.4932,12.25354187
0.4933,12.43647086
0.4934,12.62494255
0.4935,12.81921275
0.4936,13.01955326
0.4937,13.22625316
0.4938,13.43962015
0.4939,13.65998212
0.494,13.88768883
0.4941,14.12311373
0.4942,14.36665604
0.4943,14.61874299
0.4944,14.87983233
0.4945,15.15041511
0.4946,15.43101872
0.4947,15.7222104
0.4948,16.02460099
0.4949,16.33884924
0.495,16.66566663
0.4951,17.00582269
0.4952,17.36015108
0.4953,17.72955643
0.4954,18.115022
0.4955,18.51761849
0.4956,18.93851392
0.4957,19.37898494
0.4958,19.84042982
0.4959,20.32438323
0.496,20.83253332
0.4961,21.36674135
0.4962,21.92906455
0.4963,22.52178251
0.4964,23.14742814
0.4965,23.8088238
0.4966,24.50912391
0.4967,25.25186524
0.4968,26.04102666
0.4969,26.88110042
0.497,27.77717777
0.4971,28.73505218
0.4972,29.76134476
0.4973,30.86365752
0.4974,32.05076205
0.4975,33.33283333
0.4976,34.72174222
0.4977,36.23142405
0.4978,37.87834787
0.4979,39.68211968
0.498,41.66626666
